,Date,Level
0,2014-03-01,100.0
1,2014-03-03,100.0
2,2014-03-04,100.0
3,2014-03-05,100.0
4,2014-03-06,100.0
5,2014-03-07,100.0
6,2014-03-10,100.0
7,2014-03-11,100.0
8,2014-03-12,100.0
9,2014-03-13,100.0
10,2014-03-14,100.0
11,2014-03-17,100.0
12,2014-03-18,100.0
13,2014-03-19,100.0
14,2014-03-20,100.0
15,2014-03-21,100.0
16,2014-03-24,100.0
17,2014-03-25,100.0
18,2014-03-26,100.0
19,2014-03-27,100.0
20,2014-03-28,100.0
21,2014-03-31,100.0
22,2014-04-01,100.0
23,2014-04-02,100.0
24,2014-04-03,100.0
25,2014-04-04,100.0
26,2014-04-07,100.0
27,2014-04-08,100.0
28,2014-04-09,100.0
29,2014-04-10,100.0
30,2014-04-11,100.0
31,2014-04-14,100.0
32,2014-04-15,100.0
33,2014-04-16,100.0
34,2014-04-17,100.0
35,2014-04-18,100.0
36,2014-04-21,100.0
37,2014-04-22,100.0
38,2014-04-23,100.0
39,2014-04-24,101.82549755610164
40,2014-04-25,101.82549755610164
41,2014-04-28,101.82549755610164
42,2014-04-29,101.82549755610164
43,2014-04-30,101.82549755610164
44,2014-05-01,101.82549755610164
45,2014-05-02,101.82549755610164
46,2014-05-05,101.82549755610164
47,2014-05-06,101.82549755610164
48,2014-05-07,101.82549755610164
49,2014-05-08,101.82549755610164
50,2014-05-09,101.82549755610164
51,2014-05-12,101.82549755610164
52,2014-05-13,101.82549755610164
53,2014-05-14,101.82549755610164
54,2014-05-15,101.82549755610164
55,2014-05-16,101.82549755610164
56,2014-05-19,101.82549755610164
57,2014-05-20,101.82549755610164
58,2014-05-21,101.82549755610164
59,2014-05-22,101.82549755610164
60,2014-05-23,101.82549755610164
61,2014-05-27,101.82549755610164
62,2014-05-28,101.82549755610164
63,2014-05-29,101.82549755610164
64,2014-05-30,101.82549755610164
65,2014-06-02,101.82549755610164
66,2014-06-03,101.82549755610164
67,2014-06-04,101.82549755610164
68,2014-06-05,101.82549755610164
69,2014-06-06,101.82549755610164
70,2014-06-09,101.82549755610164
71,2014-06-10,101.82549755610164
72,2014-06-11,101.82549755610164
73,2014-06-12,101.82549755610164
74,2014-06-13,101.82549755610164
75,2014-06-16,101.82549755610164
76,2014-06-17,101.82549755610164
77,2014-06-18,101.82549755610164
78,2014-06-19,101.82549755610164
79,2014-06-20,101.82549755610164
80,2014-06-23,101.82549755610164
81,2014-06-24,101.82549755610164
82,2014-06-25,101.82549755610164
83,2014-06-26,101.82549755610164
84,2014-06-27,101.82549755610164
85,2014-06-30,101.82549755610164
86,2014-07-01,101.82549755610164
87,2014-07-02,101.82549755610164
88,2014-07-03,101.82549755610164
89,2014-07-07,101.82549755610164
90,2014-07-08,101.82549755610164
91,2014-07-09,101.82549755610164
92,2014-07-10,101.82549755610164
93,2014-07-11,101.82549755610164
94,2014-07-14,101.82549755610164
95,2014-07-15,101.82549755610164
96,2014-07-16,101.82549755610164
97,2014-07-17,101.82549755610164
98,2014-07-18,101.82549755610164
99,2014-07-21,101.82549755610164
100,2014-07-22,101.82549755610164
101,2014-07-23,104.11547082174394
102,2014-07-24,104.11547082174394
103,2014-07-25,104.11547082174394
104,2014-07-28,104.11547082174394
105,2014-07-29,104.11547082174394
106,2014-07-30,104.11547082174394
107,2014-07-31,104.11547082174394
108,2014-08-01,104.11547082174394
109,2014-08-04,104.11547082174394
110,2014-08-05,104.11547082174394
111,2014-08-06,104.11547082174394
112,2014-08-07,104.11547082174394
113,2014-08-08,104.11547082174394
114,2014-08-11,104.11547082174394
115,2014-08-12,104.11547082174394
116,2014-08-13,104.11547082174394
117,2014-08-14,104.11547082174394
118,2014-08-15,104.11547082174394
119,2014-08-18,104.11547082174394
120,2014-08-19,104.11547082174394
121,2014-08-20,104.11547082174394
122,2014-08-21,104.11547082174394
123,2014-08-22,104.11547082174394
124,2014-08-25,104.11547082174394
125,2014-08-26,104.11547082174394
126,2014-08-27,104.11547082174394
127,2014-08-28,104.11547082174394
128,2014-08-29,104.11547082174394
129,2014-09-02,104.11547082174394
130,2014-09-03,104.11547082174394
131,2014-09-04,104.11547082174394
132,2014-09-05,104.11547082174394
133,2014-09-08,104.11547082174394
134,2014-09-09,104.11547082174394
135,2014-09-10,104.11547082174394
136,2014-09-11,104.11547082174394
137,2014-09-12,104.11547082174394
138,2014-09-15,104.11547082174394
139,2014-09-16,104.11547082174394
140,2014-09-17,104.11547082174394
141,2014-09-18,104.11547082174394
142,2014-09-19,104.11547082174394
143,2014-09-22,104.11547082174394
144,2014-09-23,104.11547082174394
145,2014-09-24,104.11547082174394
146,2014-09-25,104.11547082174394
147,2014-09-26,104.11547082174394
148,2014-09-29,104.11547082174394
149,2014-09-30,104.11547082174394
150,2014-10-01,104.11547082174394
151,2014-10-02,104.11547082174394
152,2014-10-03,104.11547082174394
153,2014-10-06,104.11547082174394
154,2014-10-07,104.11547082174394
155,2014-10-08,104.11547082174394
156,2014-10-09,104.11547082174394
157,2014-10-10,104.11547082174394
158,2014-10-14,104.11547082174394
159,2014-10-15,104.11547082174394
160,2014-10-16,104.11547082174394
161,2014-10-17,104.11547082174394
162,2014-10-20,104.11547082174394
163,2014-10-21,104.11547082174394
164,2014-10-22,104.11547082174394
165,2014-10-23,104.11547082174394
166,2014-10-24,104.11547082174394
167,2014-10-27,106.69439118576328
168,2014-10-28,106.69439118576328
169,2014-10-29,106.69439118576328
170,2014-10-30,106.69439118576328
171,2014-10-31,106.69439118576328
172,2014-11-03,106.69439118576328
173,2014-11-04,106.69439118576328
174,2014-11-05,106.69439118576328
175,2014-11-06,106.69439118576328
176,2014-11-07,106.69439118576328
177,2014-11-10,106.69439118576328
178,2014-11-12,106.69439118576328
179,2014-11-13,106.69439118576328
180,2014-11-14,106.69439118576328
181,2014-11-17,106.69439118576328
182,2014-11-18,106.69439118576328
183,2014-11-19,106.69439118576328
184,2014-11-20,106.69439118576328
185,2014-11-21,106.69439118576328
186,2014-11-24,106.69439118576328
187,2014-11-25,106.69439118576328
188,2014-11-26,106.69439118576328
189,2014-11-28,106.69439118576328
190,2014-12-01,106.69439118576328
191,2014-12-02,106.69439118576328
192,2014-12-03,106.69439118576328
193,2014-12-04,106.69439118576328
194,2014-12-05,106.69439118576328
195,2014-12-08,106.69439118576328
196,2014-12-09,106.69439118576328
197,2014-12-10,106.69439118576328
198,2014-12-11,106.69439118576328
199,2014-12-12,106.69439118576328
200,2014-12-15,106.69439118576328
201,2014-12-16,106.69439118576328
202,2014-12-17,106.69439118576328
203,2014-12-18,106.69439118576328
204,2014-12-19,106.69439118576328
205,2014-12-22,106.69439118576328
206,2014-12-23,106.69439118576328
207,2014-12-24,106.69439118576328
208,2014-12-26,106.69439118576328
209,2014-12-29,106.69439118576328
210,2014-12-30,106.69439118576328
211,2014-12-31,106.69439118576328
212,2015-01-02,106.69439118576328
213,2015-01-05,106.69439118576328
214,2015-01-06,106.69439118576328
215,2015-01-07,106.69439118576328
216,2015-01-08,106.69439118576328
217,2015-01-09,106.69439118576328
218,2015-01-12,106.69439118576328
219,2015-01-13,106.69439118576328
220,2015-01-14,106.69439118576328
221,2015-01-15,106.69439118576328
222,2015-01-16,106.69439118576328
223,2015-01-20,106.69439118576328
224,2015-01-21,106.69439118576328
225,2015-01-22,106.69439118576328
226,2015-01-23,106.69439118576328
227,2015-01-26,106.69439118576328
228,2015-01-27,106.69439118576328
229,2015-01-28,120.06697091625935
230,2015-01-29,120.06697091625935
231,2015-01-30,120.06697091625935
232,2015-02-02,120.06697091625935
233,2015-02-03,120.06697091625935
234,2015-02-04,120.06697091625935
235,2015-02-05,120.06697091625935
236,2015-02-06,120.06697091625935
237,2015-02-09,120.06697091625935
238,2015-02-10,120.06697091625935
239,2015-02-11,120.06697091625935
240,2015-02-12,120.06697091625935
241,2015-02-13,120.06697091625935
242,2015-02-17,120.06697091625935
243,2015-02-18,120.06697091625935
244,2015-02-19,120.06697091625935
245,2015-02-20,120.06697091625935
246,2015-02-23,120.06697091625935
247,2015-02-24,120.06697091625935
248,2015-02-25,120.06697091625935
249,2015-02-26,120.06697091625935
250,2015-02-27,120.06697091625935
251,2015-03-02,120.06697091625935
252,2015-03-03,120.06697091625935
253,2015-03-04,120.06697091625935
254,2015-03-05,120.06697091625935
255,2015-03-06,120.06697091625935
256,2015-03-09,120.06697091625935
257,2015-03-10,120.06697091625935
258,2015-03-11,120.06697091625935
259,2015-03-12,120.06697091625935
260,2015-03-13,120.06697091625935
261,2015-03-16,120.06697091625935
262,2015-03-17,120.06697091625935
263,2015-03-18,120.06697091625935
264,2015-03-19,120.06697091625935
265,2015-03-20,120.06697091625935
266,2015-03-23,120.06697091625935
267,2015-03-24,120.06697091625935
268,2015-03-25,120.06697091625935
269,2015-03-26,120.06697091625935
270,2015-03-27,120.06697091625935
271,2015-03-30,120.06697091625935
272,2015-03-31,120.06697091625935
273,2015-04-01,120.06697091625935
274,2015-04-02,120.06697091625935
275,2015-04-03,120.06697091625935
276,2015-04-06,120.06697091625935
277,2015-04-07,120.06697091625935
278,2015-04-08,120.06697091625935
279,2015-04-09,120.06697091625935
280,2015-04-10,120.06697091625935
281,2015-04-13,120.06697091625935
282,2015-04-14,120.06697091625935
283,2015-04-15,120.06697091625935
284,2015-04-16,120.06697091625935
285,2015-04-17,120.06697091625935
286,2015-04-20,120.06697091625935
287,2015-04-21,120.06697091625935
288,2015-04-22,120.06697091625935
289,2015-04-23,120.06697091625935
290,2015-04-24,120.06697091625935
291,2015-04-27,120.06697091625935
292,2015-04-28,129.10264373092815
293,2015-04-29,129.10264373092815
294,2015-04-30,129.10264373092815
295,2015-05-01,129.10264373092815
296,2015-05-04,129.10264373092815
297,2015-05-05,129.10264373092815
298,2015-05-06,129.10264373092815
299,2015-05-07,129.10264373092815
300,2015-05-08,129.10264373092815
301,2015-05-11,129.10264373092815
302,2015-05-12,129.10264373092815
303,2015-05-13,129.10264373092815
304,2015-05-14,129.10264373092815
305,2015-05-15,129.10264373092815
306,2015-05-18,129.10264373092815
307,2015-05-19,129.10264373092815
308,2015-05-20,129.10264373092815
309,2015-05-21,129.10264373092815
310,2015-05-22,129.10264373092815
311,2015-05-26,129.10264373092815
312,2015-05-27,129.10264373092815
313,2015-05-28,129.10264373092815
314,2015-05-29,129.10264373092815
315,2015-06-01,129.10264373092815
316,2015-06-02,129.10264373092815
317,2015-06-03,129.10264373092815
318,2015-06-04,129.10264373092815
319,2015-06-05,129.10264373092815
320,2015-06-08,129.10264373092815
321,2015-06-09,129.10264373092815
322,2015-06-10,129.10264373092815
323,2015-06-11,129.10264373092815
324,2015-06-12,129.10264373092815
325,2015-06-15,129.10264373092815
326,2015-06-16,129.10264373092815
327,2015-06-17,129.10264373092815
328,2015-06-18,129.10264373092815
329,2015-06-19,129.10264373092815
330,2015-06-22,129.10264373092815
331,2015-06-23,129.10264373092815
332,2015-06-24,129.10264373092815
333,2015-06-25,129.10264373092815
334,2015-06-26,129.10264373092815
335,2015-06-29,129.10264373092815
336,2015-06-30,129.10264373092815
337,2015-07-01,129.10264373092815
338,2015-07-02,129.10264373092815
339,2015-07-06,129.10264373092815
340,2015-07-07,129.10264373092815
341,2015-07-08,129.10264373092815
342,2015-07-09,129.10264373092815
343,2015-07-10,129.10264373092815
344,2015-07-13,129.10264373092815
345,2015-07-14,129.10264373092815
346,2015-07-15,129.10264373092815
347,2015-07-16,129.10264373092815
348,2015-07-17,129.10264373092815
349,2015-07-20,129.10264373092815
350,2015-07-21,129.10264373092815
351,2015-07-22,137.01223299397802
352,2015-07-23,137.01223299397802
353,2015-07-24,137.01223299397802
354,2015-07-27,137.01223299397802
355,2015-07-28,137.01223299397802
356,2015-07-29,137.01223299397802
357,2015-07-30,137.01223299397802
358,2015-07-31,137.01223299397802
359,2015-08-03,137.01223299397802
360,2015-08-04,137.01223299397802
361,2015-08-05,137.01223299397802
362,2015-08-06,137.01223299397802
363,2015-08-07,137.01223299397802
364,2015-08-10,137.01223299397802
365,2015-08-11,137.01223299397802
366,2015-08-12,137.01223299397802
367,2015-08-13,137.01223299397802
368,2015-08-14,137.01223299397802
369,2015-08-17,137.01223299397802
370,2015-08-18,137.01223299397802
371,2015-08-19,137.01223299397802
372,2015-08-20,137.01223299397802
373,2015-08-21,137.01223299397802
374,2015-08-24,137.01223299397802
375,2015-08-25,137.01223299397802
376,2015-08-26,137.01223299397802
377,2015-08-27,137.01223299397802
378,2015-08-28,137.01223299397802
379,2015-08-31,137.01223299397802
380,2015-09-01,137.01223299397802
381,2015-09-02,137.01223299397802
382,2015-09-03,137.01223299397802
383,2015-09-04,137.01223299397802
384,2015-09-08,137.01223299397802
385,2015-09-09,137.01223299397802
386,2015-09-10,137.01223299397802
387,2015-09-11,137.01223299397802
388,2015-09-14,137.01223299397802
389,2015-09-15,137.01223299397802
390,2015-09-16,137.01223299397802
391,2015-09-17,137.01223299397802
392,2015-09-18,137.01223299397802
393,2015-09-21,137.01223299397802
394,2015-09-22,137.01223299397802
395,2015-09-23,137.01223299397802
396,2015-09-24,137.01223299397802
397,2015-09-25,137.01223299397802
398,2015-09-28,137.01223299397802
399,2015-09-29,137.01223299397802
400,2015-09-30,137.01223299397802
401,2015-10-01,137.01223299397802
402,2015-10-02,137.01223299397802
403,2015-10-05,137.01223299397802
404,2015-10-06,137.01223299397802
405,2015-10-07,137.01223299397802
406,2015-10-08,137.01223299397802
407,2015-10-09,137.01223299397802
408,2015-10-13,137.01223299397802
409,2015-10-14,137.01223299397802
410,2015-10-15,137.01223299397802
411,2015-10-16,137.01223299397802
412,2015-10-19,137.01223299397802
413,2015-10-20,137.01223299397802
414,2015-10-21,137.01223299397802
415,2015-10-22,137.01223299397802
416,2015-10-23,137.01223299397802
417,2015-10-26,137.01223299397802
418,2015-10-27,137.01223299397802
419,2015-10-28,144.18730253031245
420,2015-10-29,144.18730253031245
421,2015-10-30,144.18730253031245
422,2015-11-02,144.18730253031245
423,2015-11-03,144.18730253031245
424,2015-11-04,144.18730253031245
425,2015-11-05,144.18730253031245
426,2015-11-06,144.18730253031245
427,2015-11-09,144.18730253031245
428,2015-11-10,144.18730253031245
429,2015-11-12,144.18730253031245
430,2015-11-13,144.18730253031245
431,2015-11-16,144.18730253031245
432,2015-11-17,144.18730253031245
433,2015-11-18,144.18730253031245
434,2015-11-19,144.18730253031245
435,2015-11-20,144.18730253031245
436,2015-11-23,144.18730253031245
437,2015-11-24,144.18730253031245
438,2015-11-25,144.18730253031245
439,2015-11-27,144.18730253031245
440,2015-11-30,144.18730253031245
441,2015-12-01,144.18730253031245
442,2015-12-02,144.18730253031245
443,2015-12-03,144.18730253031245
444,2015-12-04,144.18730253031245
445,2015-12-07,144.18730253031245
446,2015-12-08,144.18730253031245
447,2015-12-09,144.18730253031245
448,2015-12-10,144.18730253031245
449,2015-12-11,144.18730253031245
450,2015-12-14,144.18730253031245
451,2015-12-15,144.18730253031245
452,2015-12-16,144.18730253031245
453,2015-12-17,144.18730253031245
454,2015-12-18,144.18730253031245
455,2015-12-21,144.18730253031245
456,2015-12-22,144.18730253031245
457,2015-12-23,144.18730253031245
458,2015-12-24,144.18730253031245
459,2015-12-28,144.18730253031245
460,2015-12-29,144.18730253031245
461,2015-12-30,144.18730253031245
462,2015-12-31,144.18730253031245
463,2016-01-04,144.18730253031245
464,2016-01-05,144.18730253031245
465,2016-01-06,144.18730253031245
466,2016-01-07,144.18730253031245
467,2016-01-08,144.18730253031245
468,2016-01-11,144.18730253031245
469,2016-01-12,144.18730253031245
470,2016-01-13,144.18730253031245
471,2016-01-14,144.18730253031245
472,2016-01-15,144.18730253031245
473,2016-01-19,144.18730253031245
474,2016-01-20,144.18730253031245
475,2016-01-21,144.18730253031245
476,2016-01-22,144.18730253031245
477,2016-01-25,144.18730253031245
478,2016-01-26,144.18730253031245
479,2016-01-27,145.0973508681915
480,2016-01-28,145.0973508681915
481,2016-01-29,145.0973508681915
482,2016-02-01,145.0973508681915
483,2016-02-02,145.0973508681915
484,2016-02-03,145.0973508681915
485,2016-02-04,145.0973508681915
486,2016-02-05,145.0973508681915
487,2016-02-08,145.0973508681915
488,2016-02-09,145.0973508681915
489,2016-02-10,145.0973508681915
490,2016-02-11,145.0973508681915
491,2016-02-12,145.0973508681915
492,2016-02-16,145.0973508681915
493,2016-02-17,145.0973508681915
494,2016-02-18,145.0973508681915
495,2016-02-19,145.0973508681915
496,2016-02-22,145.0973508681915
497,2016-02-23,145.0973508681915
498,2016-02-24,145.0973508681915
499,2016-02-25,145.0973508681915
500,2016-02-26,145.0973508681915
501,2016-02-29,145.0973508681915
502,2016-03-01,145.0973508681915
503,2016-03-02,145.0973508681915
504,2016-03-03,145.0973508681915
505,2016-03-04,145.0973508681915
506,2016-03-07,145.0973508681915
507,2016-03-08,145.0973508681915
508,2016-03-09,145.0973508681915
509,2016-03-10,145.0973508681915
510,2016-03-11,145.0973508681915
511,2016-03-14,145.0973508681915
512,2016-03-15,145.0973508681915
513,2016-03-16,145.0973508681915
514,2016-03-17,145.0973508681915
515,2016-03-18,145.0973508681915
516,2016-03-21,145.0973508681915
517,2016-03-22,145.0973508681915
518,2016-03-23,145.0973508681915
519,2016-03-24,145.0973508681915
520,2016-03-25,145.0973508681915
521,2016-03-28,145.0973508681915
522,2016-03-29,145.0973508681915
523,2016-03-30,145.0973508681915
524,2016-03-31,145.0973508681915
525,2016-04-01,145.0973508681915
526,2016-04-04,145.0973508681915
527,2016-04-05,145.0973508681915
528,2016-04-06,145.0973508681915
529,2016-04-07,145.0973508681915
530,2016-04-08,145.0973508681915
531,2016-04-11,145.0973508681915
532,2016-04-12,145.0973508681915
533,2016-04-13,145.0973508681915
534,2016-04-14,145.0973508681915
535,2016-04-15,145.0973508681915
536,2016-04-18,145.0973508681915
537,2016-04-19,145.0973508681915
538,2016-04-20,145.0973508681915
539,2016-04-21,145.0973508681915
540,2016-04-22,145.0973508681915
541,2016-04-25,145.0973508681915
542,2016-04-26,145.0973508681915
543,2016-04-27,136.8529070238449
544,2016-04-28,136.8529070238449
545,2016-04-29,136.8529070238449
546,2016-05-02,136.8529070238449
547,2016-05-03,136.8529070238449
548,2016-05-04,136.8529070238449
549,2016-05-05,136.8529070238449
550,2016-05-06,136.8529070238449
551,2016-05-09,136.8529070238449
552,2016-05-10,136.8529070238449
553,2016-05-11,136.8529070238449
554,2016-05-12,136.8529070238449
555,2016-05-13,136.8529070238449
556,2016-05-16,136.8529070238449
557,2016-05-17,136.8529070238449
558,2016-05-18,136.8529070238449
559,2016-05-19,136.8529070238449
560,2016-05-20,136.8529070238449
561,2016-05-23,136.8529070238449
562,2016-05-24,136.8529070238449
563,2016-05-25,136.8529070238449
564,2016-05-26,136.8529070238449
565,2016-05-27,136.8529070238449
566,2016-05-31,136.8529070238449
567,2016-06-01,136.8529070238449
568,2016-06-02,136.8529070238449
569,2016-06-03,136.8529070238449
570,2016-06-06,136.8529070238449
571,2016-06-07,136.8529070238449
572,2016-06-08,136.8529070238449
573,2016-06-09,136.8529070238449
574,2016-06-10,136.8529070238449
575,2016-06-13,136.8529070238449
576,2016-06-14,136.8529070238449
577,2016-06-15,136.8529070238449
578,2016-06-16,136.8529070238449
579,2016-06-17,136.8529070238449
580,2016-06-20,136.8529070238449
581,2016-06-21,136.8529070238449
582,2016-06-22,136.8529070238449
583,2016-06-23,136.8529070238449
584,2016-06-24,136.8529070238449
585,2016-06-27,136.8529070238449
586,2016-06-28,136.8529070238449
587,2016-06-29,136.8529070238449
588,2016-06-30,136.8529070238449
589,2016-07-01,136.8529070238449
590,2016-07-05,136.8529070238449
591,2016-07-06,136.8529070238449
592,2016-07-07,136.8529070238449
593,2016-07-08,136.8529070238449
594,2016-07-11,136.8529070238449
595,2016-07-12,136.8529070238449
596,2016-07-13,136.8529070238449
597,2016-07-14,136.8529070238449
598,2016-07-15,136.8529070238449
599,2016-07-18,136.8529070238449
600,2016-07-19,136.8529070238449
601,2016-07-20,136.8529070238449
602,2016-07-21,136.8529070238449
603,2016-07-22,136.8529070238449
604,2016-07-25,136.8529070238449
605,2016-07-26,136.8529070238449
606,2016-07-27,129.0729388890389
607,2016-07-28,129.0729388890389
608,2016-07-29,129.0729388890389
609,2016-08-01,129.0729388890389
610,2016-08-02,129.0729388890389
611,2016-08-03,129.0729388890389
612,2016-08-04,129.0729388890389
613,2016-08-05,129.0729388890389
614,2016-08-08,129.0729388890389
615,2016-08-09,129.0729388890389
616,2016-08-10,129.0729388890389
617,2016-08-11,129.0729388890389
618,2016-08-12,129.0729388890389
619,2016-08-15,129.0729388890389
620,2016-08-16,129.0729388890389
621,2016-08-17,129.0729388890389
622,2016-08-18,129.0729388890389
623,2016-08-19,129.0729388890389
624,2016-08-22,129.0729388890389
625,2016-08-23,129.0729388890389
626,2016-08-24,129.0729388890389
627,2016-08-25,129.0729388890389
628,2016-08-26,129.0729388890389
629,2016-08-29,129.0729388890389
630,2016-08-30,129.0729388890389
631,2016-08-31,129.0729388890389
632,2016-09-01,129.0729388890389
633,2016-09-02,129.0729388890389
634,2016-09-06,129.0729388890389
635,2016-09-07,129.0729388890389
636,2016-09-08,129.0729388890389
637,2016-09-09,129.0729388890389
638,2016-09-12,129.0729388890389
639,2016-09-13,129.0729388890389
640,2016-09-14,129.0729388890389
641,2016-09-15,129.0729388890389
642,2016-09-16,129.0729388890389
643,2016-09-19,129.0729388890389
644,2016-09-20,129.0729388890389
645,2016-09-21,129.0729388890389
646,2016-09-22,129.0729388890389
647,2016-09-23,129.0729388890389
648,2016-09-26,129.0729388890389
649,2016-09-27,129.0729388890389
650,2016-09-28,129.0729388890389
651,2016-09-29,129.0729388890389
652,2016-09-30,129.0729388890389
653,2016-10-03,129.0729388890389
654,2016-10-04,129.0729388890389
655,2016-10-05,129.0729388890389
656,2016-10-06,129.0729388890389
657,2016-10-07,129.0729388890389
658,2016-10-11,129.0729388890389
659,2016-10-12,129.0729388890389
660,2016-10-13,129.0729388890389
661,2016-10-14,129.0729388890389
662,2016-10-17,129.0729388890389
663,2016-10-18,129.0729388890389
664,2016-10-19,129.0729388890389
665,2016-10-20,129.0729388890389
666,2016-10-21,129.0729388890389
667,2016-10-24,129.0729388890389
668,2016-10-25,129.0729388890389
669,2016-10-26,123.37501012665065
670,2016-10-27,123.37501012665065
671,2016-10-28,123.37501012665065
672,2016-10-31,123.37501012665065
673,2016-11-01,123.37501012665065
674,2016-11-02,123.37501012665065
675,2016-11-03,123.37501012665065
676,2016-11-04,123.37501012665065
677,2016-11-07,123.37501012665065
678,2016-11-08,123.37501012665065
679,2016-11-09,123.37501012665065
680,2016-11-10,123.37501012665065
681,2016-11-14,123.37501012665065
682,2016-11-15,123.37501012665065
683,2016-11-16,123.37501012665065
684,2016-11-17,123.37501012665065
685,2016-11-18,123.37501012665065
686,2016-11-21,123.37501012665065
687,2016-11-22,123.37501012665065
688,2016-11-23,123.37501012665065
689,2016-11-25,123.37501012665065
690,2016-11-28,123.37501012665065
691,2016-11-29,123.37501012665065
692,2016-11-30,123.37501012665065
693,2016-12-01,123.37501012665065
694,2016-12-02,123.37501012665065
695,2016-12-05,123.37501012665065
696,2016-12-06,123.37501012665065
697,2016-12-07,123.37501012665065
698,2016-12-08,123.37501012665065
699,2016-12-09,123.37501012665065
700,2016-12-12,123.37501012665065
701,2016-12-13,123.37501012665065
702,2016-12-14,123.37501012665065
703,2016-12-15,123.37501012665065
704,2016-12-16,123.37501012665065
705,2016-12-19,123.37501012665065
706,2016-12-20,123.37501012665065
707,2016-12-21,123.37501012665065
708,2016-12-22,123.37501012665065
709,2016-12-23,123.37501012665065
710,2016-12-27,123.37501012665065
711,2016-12-28,123.37501012665065
712,2016-12-29,123.37501012665065
713,2016-12-30,123.37501012665065
714,2017-01-03,123.37501012665065
715,2017-01-04,123.37501012665065
716,2017-01-05,123.37501012665065
717,2017-01-06,123.37501012665065
718,2017-01-09,123.37501012665065
719,2017-01-10,123.37501012665065
720,2017-01-11,123.37501012665065
721,2017-01-12,123.37501012665065
722,2017-01-13,123.37501012665065
723,2017-01-17,123.37501012665065
724,2017-01-18,123.37501012665065
725,2017-01-19,123.37501012665065
726,2017-01-20,123.37501012665065
727,2017-01-23,123.37501012665065
728,2017-01-24,123.37501012665065
729,2017-01-25,123.37501012665065
730,2017-01-26,123.37501012665065
731,2017-01-27,123.37501012665065
732,2017-01-30,123.37501012665065
733,2017-01-31,123.37501012665065
734,2017-02-01,122.10580324592908
735,2017-02-02,122.10580324592908
736,2017-02-03,122.10580324592908
737,2017-02-06,122.10580324592908
738,2017-02-07,122.10580324592908
739,2017-02-08,122.10580324592908
740,2017-02-09,122.10580324592908
741,2017-02-10,122.10580324592908
742,2017-02-13,122.10580324592908
743,2017-02-14,122.10580324592908
744,2017-02-15,122.10580324592908
745,2017-02-16,122.10580324592908
746,2017-02-17,122.10580324592908
747,2017-02-21,122.10580324592908
748,2017-02-22,122.10580324592908
749,2017-02-23,122.10580324592908
750,2017-02-24,122.10580324592908
751,2017-02-27,122.10580324592908
752,2017-02-28,122.10580324592908
753,2017-03-01,122.10580324592908
754,2017-03-02,122.10580324592908
755,2017-03-03,122.10580324592908
756,2017-03-06,122.10580324592908
757,2017-03-07,122.10580324592908
758,2017-03-08,122.10580324592908
759,2017-03-09,122.10580324592908
760,2017-03-10,122.10580324592908
761,2017-03-13,122.10580324592908
762,2017-03-14,122.10580324592908
763,2017-03-15,122.10580324592908
764,2017-03-16,122.10580324592908
765,2017-03-17,122.10580324592908
766,2017-03-20,122.10580324592908
767,2017-03-21,122.10580324592908
768,2017-03-22,122.10580324592908
769,2017-03-23,122.10580324592908
770,2017-03-24,122.10580324592908
771,2017-03-27,122.10580324592908
772,2017-03-28,122.10580324592908
773,2017-03-29,122.10580324592908
774,2017-03-30,122.10580324592908
775,2017-03-31,122.10580324592908
776,2017-04-03,122.10580324592908
777,2017-04-04,122.10580324592908
778,2017-04-05,122.10580324592908
779,2017-04-06,122.10580324592908
780,2017-04-07,122.10580324592908
781,2017-04-10,122.10580324592908
782,2017-04-11,122.10580324592908
783,2017-04-12,122.10580324592908
784,2017-04-13,122.10580324592908
785,2017-04-14,122.10580324592908
786,2017-04-17,122.10580324592908
787,2017-04-18,122.10580324592908
788,2017-04-19,122.10580324592908
789,2017-04-20,122.10580324592908
790,2017-04-21,122.10580324592908
791,2017-04-24,122.10580324592908
792,2017-04-25,122.10580324592908
793,2017-04-26,122.10580324592908
794,2017-04-27,122.10580324592908
795,2017-04-28,122.10580324592908
796,2017-05-01,122.10580324592908
797,2017-05-02,122.10580324592908
798,2017-05-03,123.49112905403581
799,2017-05-04,123.49112905403581
800,2017-05-05,123.49112905403581
801,2017-05-08,123.49112905403581
802,2017-05-09,123.49112905403581
803,2017-05-10,123.49112905403581
804,2017-05-11,123.49112905403581
805,2017-05-12,123.49112905403581
806,2017-05-15,123.49112905403581
807,2017-05-16,123.49112905403581
808,2017-05-17,123.49112905403581
809,2017-05-18,123.49112905403581
810,2017-05-19,123.49112905403581
811,2017-05-22,123.49112905403581
812,2017-05-23,123.49112905403581
813,2017-05-24,123.49112905403581
814,2017-05-25,123.49112905403581
815,2017-05-26,123.49112905403581
816,2017-05-30,123.49112905403581
817,2017-05-31,123.49112905403581
818,2017-06-01,123.49112905403581
819,2017-06-02,123.49112905403581
820,2017-06-05,123.49112905403581
821,2017-06-06,123.49112905403581
822,2017-06-07,123.49112905403581
823,2017-06-08,123.49112905403581
824,2017-06-09,123.49112905403581
825,2017-06-12,123.49112905403581
826,2017-06-13,123.49112905403581
827,2017-06-14,123.49112905403581
828,2017-06-15,123.49112905403581
829,2017-06-16,123.49112905403581
830,2017-06-19,123.49112905403581
831,2017-06-20,123.49112905403581
832,2017-06-21,123.49112905403581
833,2017-06-22,123.49112905403581
834,2017-06-23,123.49112905403581
835,2017-06-26,123.49112905403581
836,2017-06-27,123.49112905403581
837,2017-06-28,123.49112905403581
838,2017-06-29,123.49112905403581
839,2017-06-30,123.49112905403581
840,2017-07-03,123.49112905403581
841,2017-07-05,123.49112905403581
842,2017-07-06,123.49112905403581
843,2017-07-07,123.49112905403581
844,2017-07-10,123.49112905403581
845,2017-07-11,123.49112905403581
846,2017-07-12,123.49112905403581
847,2017-07-13,123.49112905403581
848,2017-07-14,123.49112905403581
849,2017-07-17,123.49112905403581
850,2017-07-18,123.49112905403581
851,2017-07-19,123.49112905403581
852,2017-07-20,123.49112905403581
853,2017-07-21,123.49112905403581
854,2017-07-24,123.49112905403581
855,2017-07-25,123.49112905403581
856,2017-07-26,123.49112905403581
857,2017-07-27,123.49112905403581
858,2017-07-28,123.49112905403581
859,2017-07-31,123.49112905403581
860,2017-08-01,123.49112905403581
861,2017-08-02,125.97823445221572
862,2017-08-03,125.97823445221572
863,2017-08-04,125.97823445221572
864,2017-08-07,125.97823445221572
865,2017-08-08,125.97823445221572
866,2017-08-09,125.97823445221572
867,2017-08-10,125.97823445221572
868,2017-08-11,125.97823445221572
869,2017-08-14,125.97823445221572
870,2017-08-15,125.97823445221572
871,2017-08-16,125.97823445221572
872,2017-08-17,125.97823445221572
873,2017-08-18,125.97823445221572
874,2017-08-21,125.97823445221572
875,2017-08-22,125.97823445221572
876,2017-08-23,125.97823445221572
877,2017-08-24,125.97823445221572
878,2017-08-25,125.97823445221572
879,2017-08-28,125.97823445221572
880,2017-08-29,125.97823445221572
881,2017-08-30,125.97823445221572
882,2017-08-31,125.97823445221572
883,2017-09-01,125.97823445221572
884,2017-09-05,125.97823445221572
885,2017-09-06,125.97823445221572
886,2017-09-07,125.97823445221572
887,2017-09-08,125.97823445221572
888,2017-09-11,125.97823445221572
889,2017-09-12,125.97823445221572
890,2017-09-13,125.97823445221572
891,2017-09-14,125.97823445221572
892,2017-09-15,125.97823445221572
893,2017-09-18,125.97823445221572
894,2017-09-19,125.97823445221572
895,2017-09-20,125.97823445221572
896,2017-09-21,125.97823445221572
897,2017-09-22,125.97823445221572
898,2017-09-25,125.97823445221572
899,2017-09-26,125.97823445221572
900,2017-09-27,125.97823445221572
901,2017-09-28,125.97823445221572
902,2017-09-29,125.97823445221572
903,2017-10-02,125.97823445221572
904,2017-10-03,125.97823445221572
905,2017-10-04,125.97823445221572
906,2017-10-05,125.97823445221572
907,2017-10-06,125.97823445221572
908,2017-10-10,125.97823445221572
909,2017-10-11,125.97823445221572
910,2017-10-12,125.97823445221572
911,2017-10-13,125.97823445221572
912,2017-10-16,125.97823445221572
913,2017-10-17,125.97823445221572
914,2017-10-18,125.97823445221572
915,2017-10-19,125.97823445221572
916,2017-10-20,125.97823445221572
917,2017-10-23,125.97823445221572
918,2017-10-24,125.97823445221572
919,2017-10-25,125.97823445221572
920,2017-10-26,125.97823445221572
921,2017-10-27,125.97823445221572
922,2017-10-30,125.97823445221572
923,2017-10-31,125.97823445221572
924,2017-11-01,125.97823445221572
925,2017-11-02,125.97823445221572
926,2017-11-03,130.5689827441873
927,2017-11-06,130.5689827441873
928,2017-11-07,130.5689827441873
929,2017-11-08,130.5689827441873
930,2017-11-09,130.5689827441873
931,2017-11-13,130.5689827441873
932,2017-11-14,130.5689827441873
933,2017-11-15,130.5689827441873
934,2017-11-16,130.5689827441873
935,2017-11-17,130.5689827441873
936,2017-11-20,130.5689827441873
937,2017-11-21,130.5689827441873
938,2017-11-22,130.5689827441873
939,2017-11-24,130.5689827441873
940,2017-11-27,130.5689827441873
941,2017-11-28,130.5689827441873
942,2017-11-29,130.5689827441873
943,2017-11-30,130.5689827441873
944,2017-12-01,130.5689827441873
945,2017-12-04,130.5689827441873
946,2017-12-05,130.5689827441873
947,2017-12-06,130.5689827441873
948,2017-12-07,130.5689827441873
949,2017-12-08,130.5689827441873
950,2017-12-11,130.5689827441873
951,2017-12-12,130.5689827441873
952,2017-12-13,130.5689827441873
953,2017-12-14,130.5689827441873
954,2017-12-15,130.5689827441873
955,2017-12-18,130.5689827441873
956,2017-12-19,130.5689827441873
957,2017-12-20,130.5689827441873
958,2017-12-21,130.5689827441873
959,2017-12-22,130.5689827441873
960,2017-12-26,130.5689827441873
961,2017-12-27,130.5689827441873
962,2017-12-28,130.5689827441873
963,2017-12-29,130.5689827441873
964,2018-01-02,130.5689827441873
965,2018-01-03,130.5689827441873
966,2018-01-04,130.5689827441873
967,2018-01-05,130.5689827441873
968,2018-01-08,130.5689827441873
969,2018-01-09,130.5689827441873
970,2018-01-10,130.5689827441873
971,2018-01-11,130.5689827441873
972,2018-01-12,130.5689827441873
973,2018-01-16,130.5689827441873
974,2018-01-17,130.5689827441873
975,2018-01-18,130.5689827441873
976,2018-01-19,130.5689827441873
977,2018-01-22,130.5689827441873
978,2018-01-23,130.5689827441873
979,2018-01-24,130.5689827441873
980,2018-01-25,130.5689827441873
981,2018-01-26,130.5689827441873
982,2018-01-29,130.5689827441873
983,2018-01-30,130.5689827441873
984,2018-01-31,130.5689827441873
985,2018-02-01,130.5689827441873
986,2018-02-02,136.43973967756745
987,2018-02-05,136.43973967756745
988,2018-02-06,136.43973967756745
989,2018-02-07,136.43973967756745
990,2018-02-08,136.43973967756745
991,2018-02-09,136.43973967756745
992,2018-02-12,136.43973967756745
993,2018-02-13,136.43973967756745
994,2018-02-14,136.43973967756745
995,2018-02-15,136.43973967756745
996,2018-02-16,136.43973967756745
997,2018-02-20,136.43973967756745
998,2018-02-21,136.43973967756745
999,2018-02-22,136.43973967756745
1000,2018-02-23,136.43973967756745
1001,2018-02-26,136.43973967756745
1002,2018-02-27,136.43973967756745
1003,2018-02-28,136.43973967756745
1004,2018-03-01,136.43973967756745
1005,2018-03-02,136.43973967756745
1006,2018-03-05,136.43973967756745
1007,2018-03-06,136.43973967756745
1008,2018-03-07,136.43973967756745
1009,2018-03-08,136.43973967756745
1010,2018-03-09,136.43973967756745
1011,2018-03-12,136.43973967756745
1012,2018-03-13,136.43973967756745
1013,2018-03-14,136.43973967756745
1014,2018-03-15,136.43973967756745
1015,2018-03-16,136.43973967756745
1016,2018-03-19,136.43973967756745
1017,2018-03-20,136.43973967756745
1018,2018-03-21,136.43973967756745
1019,2018-03-22,136.43973967756745
1020,2018-03-23,136.43973967756745
1021,2018-03-26,136.43973967756745
1022,2018-03-27,136.43973967756745
1023,2018-03-28,136.43973967756745
1024,2018-03-29,136.43973967756745
1025,2018-03-30,136.43973967756745
1026,2018-04-02,136.43973967756745
1027,2018-04-03,136.43973967756745
1028,2018-04-04,136.43973967756745
1029,2018-04-05,136.43973967756745
1030,2018-04-06,136.43973967756745
1031,2018-04-09,136.43973967756745
1032,2018-04-10,136.43973967756745
1033,2018-04-11,136.43973967756745
1034,2018-04-12,136.43973967756745
1035,2018-04-13,136.43973967756745
1036,2018-04-16,136.43973967756745
1037,2018-04-17,136.43973967756745
1038,2018-04-18,136.43973967756745
1039,2018-04-19,136.43973967756745
1040,2018-04-20,136.43973967756745
1041,2018-04-23,136.43973967756745
1042,2018-04-24,136.43973967756745
1043,2018-04-25,136.43973967756745
1044,2018-04-26,136.43973967756745
1045,2018-04-27,136.43973967756745
1046,2018-04-30,136.43973967756745
1047,2018-05-01,136.43973967756745
1048,2018-05-02,143.98206907725958
1049,2018-05-03,143.98206907725958
1050,2018-05-04,143.98206907725958
1051,2018-05-07,143.98206907725958
1052,2018-05-08,143.98206907725958
1053,2018-05-09,143.98206907725958
1054,2018-05-10,143.98206907725958
1055,2018-05-11,143.98206907725958
1056,2018-05-14,143.98206907725958
1057,2018-05-15,143.98206907725958
1058,2018-05-16,143.98206907725958
1059,2018-05-17,143.98206907725958
1060,2018-05-18,143.98206907725958
1061,2018-05-21,143.98206907725958
1062,2018-05-22,143.98206907725958
1063,2018-05-23,143.98206907725958
1064,2018-05-24,143.98206907725958
1065,2018-05-25,143.98206907725958
1066,2018-05-29,143.98206907725958
1067,2018-05-30,143.98206907725958
1068,2018-05-31,143.98206907725958
1069,2018-06-01,143.98206907725958
1070,2018-06-04,143.98206907725958
1071,2018-06-05,143.98206907725958
1072,2018-06-06,143.98206907725958
1073,2018-06-07,143.98206907725958
1074,2018-06-08,143.98206907725958
1075,2018-06-11,143.98206907725958
1076,2018-06-12,143.98206907725958
1077,2018-06-13,143.98206907725958
1078,2018-06-14,143.98206907725958
1079,2018-06-15,143.98206907725958
1080,2018-06-18,143.98206907725958
1081,2018-06-19,143.98206907725958
1082,2018-06-20,143.98206907725958
1083,2018-06-21,143.98206907725958
1084,2018-06-22,143.98206907725958
1085,2018-06-25,143.98206907725958
1086,2018-06-26,143.98206907725958
1087,2018-06-27,143.98206907725958
1088,2018-06-28,143.98206907725958
1089,2018-06-29,143.98206907725958
1090,2018-07-02,143.98206907725958
1091,2018-07-03,143.98206907725958
1092,2018-07-05,143.98206907725958
1093,2018-07-06,143.98206907725958
1094,2018-07-09,143.98206907725958
1095,2018-07-10,143.98206907725958
1096,2018-07-11,143.98206907725958
1097,2018-07-12,143.98206907725958
1098,2018-07-13,143.98206907725958
1099,2018-07-16,143.98206907725958
1100,2018-07-17,143.98206907725958
1101,2018-07-18,143.98206907725958
1102,2018-07-19,143.98206907725958
1103,2018-07-20,143.98206907725958
1104,2018-07-23,143.98206907725958
1105,2018-07-24,143.98206907725958
1106,2018-07-25,143.98206907725958
1107,2018-07-26,143.98206907725958
1108,2018-07-27,143.98206907725958
1109,2018-07-30,143.98206907725958
1110,2018-07-31,143.98206907725958
1111,2018-08-01,151.5487024384975
1112,2018-08-02,151.5487024384975
1113,2018-08-03,151.5487024384975
1114,2018-08-06,151.5487024384975
1115,2018-08-07,151.5487024384975
1116,2018-08-08,151.5487024384975
1117,2018-08-09,151.5487024384975
1118,2018-08-10,151.5487024384975
1119,2018-08-13,151.5487024384975
1120,2018-08-14,151.5487024384975
1121,2018-08-15,151.5487024384975
1122,2018-08-16,151.5487024384975
1123,2018-08-17,151.5487024384975
1124,2018-08-20,151.5487024384975
1125,2018-08-21,151.5487024384975
1126,2018-08-22,151.5487024384975
1127,2018-08-23,151.5487024384975
1128,2018-08-24,151.5487024384975
1129,2018-08-27,151.5487024384975
1130,2018-08-28,151.5487024384975
1131,2018-08-29,151.5487024384975
1132,2018-08-30,151.5487024384975
1133,2018-08-31,151.5487024384975
1134,2018-09-04,151.5487024384975
1135,2018-09-05,151.5487024384975
1136,2018-09-06,151.5487024384975
1137,2018-09-07,151.5487024384975
1138,2018-09-10,151.5487024384975
1139,2018-09-11,151.5487024384975
1140,2018-09-12,151.5487024384975
1141,2018-09-13,151.5487024384975
1142,2018-09-14,151.5487024384975
1143,2018-09-17,151.5487024384975
1144,2018-09-18,151.5487024384975
1145,2018-09-19,151.5487024384975
1146,2018-09-20,151.5487024384975
1147,2018-09-21,151.5487024384975
1148,2018-09-24,151.5487024384975
1149,2018-09-25,151.5487024384975
1150,2018-09-26,151.5487024384975
1151,2018-09-27,151.5487024384975
1152,2018-09-28,151.5487024384975
1153,2018-10-01,151.5487024384975
1154,2018-10-02,151.5487024384975
1155,2018-10-03,151.5487024384975
1156,2018-10-04,151.5487024384975
1157,2018-10-05,151.5487024384975
1158,2018-10-09,151.5487024384975
1159,2018-10-10,151.5487024384975
1160,2018-10-11,151.5487024384975
1161,2018-10-12,151.5487024384975
1162,2018-10-15,151.5487024384975
1163,2018-10-16,151.5487024384975
1164,2018-10-17,151.5487024384975
1165,2018-10-18,151.5487024384975
1166,2018-10-19,151.5487024384975
1167,2018-10-22,151.5487024384975
1168,2018-10-23,151.5487024384975
1169,2018-10-24,151.5487024384975
1170,2018-10-25,151.5487024384975
1171,2018-10-26,151.5487024384975
1172,2018-10-29,151.5487024384975
1173,2018-10-30,151.5487024384975
1174,2018-10-31,151.5487024384975
1175,2018-11-01,151.5487024384975
1176,2018-11-02,151.5487024384975
1177,2018-11-05,160.75990386432989
1178,2018-11-06,160.75990386432989
1179,2018-11-07,160.75990386432989
1180,2018-11-08,160.75990386432989
1181,2018-11-09,160.75990386432989
1182,2018-11-13,160.75990386432989
1183,2018-11-14,160.75990386432989
1184,2018-11-15,160.75990386432989
1185,2018-11-16,160.75990386432989
1186,2018-11-19,160.75990386432989
1187,2018-11-20,160.75990386432989
1188,2018-11-21,160.75990386432989
1189,2018-11-23,160.75990386432989
1190,2018-11-26,160.75990386432989
1191,2018-11-27,160.75990386432989
1192,2018-11-28,160.75990386432989
1193,2018-11-29,160.75990386432989
1194,2018-11-30,160.75990386432989
1195,2018-12-03,160.75990386432989
1196,2018-12-04,160.75990386432989
1197,2018-12-05,160.75990386432989
1198,2018-12-06,160.75990386432989
1199,2018-12-07,160.75990386432989
1200,2018-12-10,160.75990386432989
1201,2018-12-11,160.75990386432989
1202,2018-12-12,160.75990386432989
1203,2018-12-13,160.75990386432989
1204,2018-12-14,160.75990386432989
1205,2018-12-17,160.75990386432989
1206,2018-12-18,160.75990386432989
1207,2018-12-19,160.75990386432989
1208,2018-12-20,160.75990386432989
1209,2018-12-21,160.75990386432989
1210,2018-12-24,160.75990386432989
1211,2018-12-26,160.75990386432989
1212,2018-12-27,160.75990386432989
1213,2018-12-28,160.75990386432989
1214,2018-12-31,160.75990386432989
1215,2019-01-02,160.75990386432989
1216,2019-01-03,160.75990386432989
1217,2019-01-04,160.75990386432989
1218,2019-01-07,160.75990386432989
1219,2019-01-08,160.75990386432989
1220,2019-01-09,160.75990386432989
1221,2019-01-10,160.75990386432989
1222,2019-01-11,160.75990386432989
1223,2019-01-14,160.75990386432989
1224,2019-01-15,160.75990386432989
1225,2019-01-16,160.75990386432989
1226,2019-01-17,160.75990386432989
1227,2019-01-18,160.75990386432989
1228,2019-01-22,160.75990386432989
1229,2019-01-23,160.75990386432989
1230,2019-01-24,160.75990386432989
1231,2019-01-25,160.75990386432989
1232,2019-01-28,160.75990386432989
1233,2019-01-29,160.75990386432989
1234,2019-01-30,160.4898598471551
1235,2019-01-31,160.4898598471551
1236,2019-02-01,160.4898598471551
1237,2019-02-04,160.4898598471551
1238,2019-02-05,160.4898598471551
1239,2019-02-06,160.4898598471551
1240,2019-02-07,160.4898598471551
1241,2019-02-08,160.4898598471551
1242,2019-02-11,160.4898598471551
1243,2019-02-12,160.4898598471551
1244,2019-02-13,160.4898598471551
1245,2019-02-14,160.4898598471551
1246,2019-02-15,160.4898598471551
1247,2019-02-19,160.4898598471551
1248,2019-02-20,160.4898598471551
1249,2019-02-21,160.4898598471551
1250,2019-02-22,160.4898598471551
1251,2019-02-25,160.4898598471551
1252,2019-02-26,160.4898598471551
1253,2019-02-27,160.4898598471551
1254,2019-02-28,160.4898598471551
1255,2019-03-01,160.4898598471551
1256,2019-03-04,160.4898598471551
1257,2019-03-05,160.4898598471551
1258,2019-03-06,160.4898598471551
1259,2019-03-07,160.4898598471551
1260,2019-03-08,160.4898598471551
1261,2019-03-11,160.4898598471551
1262,2019-03-12,160.4898598471551
1263,2019-03-13,160.4898598471551
1264,2019-03-14,160.4898598471551
1265,2019-03-15,160.4898598471551
1266,2019-03-18,160.4898598471551
1267,2019-03-19,160.4898598471551
1268,2019-03-20,160.4898598471551
1269,2019-03-21,160.4898598471551
1270,2019-03-22,160.4898598471551
1271,2019-03-25,160.4898598471551
1272,2019-03-26,160.4898598471551
1273,2019-03-27,160.4898598471551
1274,2019-03-28,160.4898598471551
1275,2019-03-29,160.4898598471551
1276,2019-04-01,160.4898598471551
1277,2019-04-02,160.4898598471551
1278,2019-04-03,160.4898598471551
1279,2019-04-04,160.4898598471551
1280,2019-04-05,160.4898598471551
1281,2019-04-08,160.4898598471551
1282,2019-04-09,160.4898598471551
1283,2019-04-10,160.4898598471551
1284,2019-04-11,160.4898598471551
1285,2019-04-12,160.4898598471551
1286,2019-04-15,160.4898598471551
1287,2019-04-16,160.4898598471551
1288,2019-04-17,160.4898598471551
1289,2019-04-18,160.4898598471551
1290,2019-04-19,160.4898598471551
1291,2019-04-22,160.4898598471551
1292,2019-04-23,160.4898598471551
1293,2019-04-24,160.4898598471551
1294,2019-04-25,160.4898598471551
1295,2019-04-26,160.4898598471551
1296,2019-04-29,160.4898598471551
1297,2019-04-30,160.4898598471551
1298,2019-05-01,154.38416461883287
1299,2019-05-02,154.38416461883287
1300,2019-05-03,154.38416461883287
1301,2019-05-06,154.38416461883287
1302,2019-05-07,154.38416461883287
1303,2019-05-08,154.38416461883287
1304,2019-05-09,154.38416461883287
1305,2019-05-10,154.38416461883287
1306,2019-05-13,154.38416461883287
1307,2019-05-14,154.38416461883287
1308,2019-05-15,154.38416461883287
1309,2019-05-16,154.38416461883287
1310,2019-05-17,154.38416461883287
1311,2019-05-20,154.38416461883287
1312,2019-05-21,154.38416461883287
1313,2019-05-22,154.38416461883287
1314,2019-05-23,154.38416461883287
1315,2019-05-24,154.38416461883287
1316,2019-05-28,154.38416461883287
1317,2019-05-29,154.38416461883287
1318,2019-05-30,154.38416461883287
1319,2019-05-31,154.38416461883287
1320,2019-06-03,154.38416461883287
1321,2019-06-04,154.38416461883287
1322,2019-06-05,154.38416461883287
1323,2019-06-06,154.38416461883287
1324,2019-06-07,154.38416461883287
1325,2019-06-10,154.38416461883287
1326,2019-06-11,154.38416461883287
1327,2019-06-12,154.38416461883287
1328,2019-06-13,154.38416461883287
1329,2019-06-14,154.38416461883287
1330,2019-06-17,154.38416461883287
1331,2019-06-18,154.38416461883287
1332,2019-06-19,154.38416461883287
1333,2019-06-20,154.38416461883287
1334,2019-06-21,154.38416461883287
1335,2019-06-24,154.38416461883287
1336,2019-06-25,154.38416461883287
1337,2019-06-26,154.38416461883287
1338,2019-06-27,154.38416461883287
1339,2019-06-28,154.38416461883287
1340,2019-07-01,154.38416461883287
1341,2019-07-02,154.38416461883287
1342,2019-07-03,154.38416461883287
1343,2019-07-05,154.38416461883287
1344,2019-07-08,154.38416461883287
1345,2019-07-09,154.38416461883287
1346,2019-07-10,154.38416461883287
1347,2019-07-11,154.38416461883287
1348,2019-07-12,154.38416461883287
1349,2019-07-15,154.38416461883287
1350,2019-07-16,154.38416461883287
1351,2019-07-17,154.38416461883287
1352,2019-07-18,154.38416461883287
1353,2019-07-19,154.38416461883287
1354,2019-07-22,154.38416461883287
1355,2019-07-23,154.38416461883287
1356,2019-07-24,154.38416461883287
1357,2019-07-25,154.38416461883287
1358,2019-07-26,154.38416461883287
1359,2019-07-29,154.38416461883287
1360,2019-07-30,154.38416461883287
1361,2019-07-31,150.40101536550458
1362,2019-08-01,150.40101536550458
1363,2019-08-02,150.40101536550458
1364,2019-08-05,150.40101536550458
1365,2019-08-06,150.40101536550458
1366,2019-08-07,150.40101536550458
1367,2019-08-08,150.40101536550458
1368,2019-08-09,150.40101536550458
1369,2019-08-12,150.40101536550458
1370,2019-08-13,150.40101536550458
1371,2019-08-14,150.40101536550458
1372,2019-08-15,150.40101536550458
1373,2019-08-16,150.40101536550458
1374,2019-08-19,150.40101536550458
1375,2019-08-20,150.40101536550458
1376,2019-08-21,150.40101536550458
1377,2019-08-22,150.40101536550458
1378,2019-08-23,150.40101536550458
1379,2019-08-26,150.40101536550458
1380,2019-08-27,150.40101536550458
1381,2019-08-28,150.40101536550458
1382,2019-08-29,150.40101536550458
1383,2019-08-30,150.40101536550458
1384,2019-09-03,150.40101536550458
1385,2019-09-04,150.40101536550458
1386,2019-09-05,150.40101536550458
1387,2019-09-06,150.40101536550458
1388,2019-09-09,150.40101536550458
1389,2019-09-10,150.40101536550458
1390,2019-09-11,150.40101536550458
1391,2019-09-12,150.40101536550458
1392,2019-09-13,150.40101536550458
1393,2019-09-16,150.40101536550458
1394,2019-09-17,150.40101536550458
1395,2019-09-18,150.40101536550458
1396,2019-09-19,150.40101536550458
1397,2019-09-20,150.40101536550458
1398,2019-09-23,150.40101536550458
1399,2019-09-24,150.40101536550458
1400,2019-09-25,150.40101536550458
1401,2019-09-26,150.40101536550458
1402,2019-09-27,150.40101536550458
1403,2019-09-30,150.40101536550458
1404,2019-10-01,150.40101536550458
1405,2019-10-02,150.40101536550458
1406,2019-10-03,150.40101536550458
1407,2019-10-04,150.40101536550458
1408,2019-10-07,150.40101536550458
1409,2019-10-08,150.40101536550458
1410,2019-10-09,150.40101536550458
1411,2019-10-10,150.40101536550458
1412,2019-10-11,150.40101536550458
1413,2019-10-15,150.40101536550458
1414,2019-10-16,150.40101536550458
1415,2019-10-17,150.40101536550458
1416,2019-10-18,150.40101536550458
1417,2019-10-21,150.40101536550458
1418,2019-10-22,150.40101536550458
1419,2019-10-23,150.40101536550458
1420,2019-10-24,150.40101536550458
1421,2019-10-25,150.40101536550458
1422,2019-10-28,150.40101536550458
1423,2019-10-29,150.40101536550458
1424,2019-10-30,150.40101536550458
1425,2019-10-31,149.21552213010722
1426,2019-11-01,149.21552213010722
1427,2019-11-04,149.21552213010722
1428,2019-11-05,149.21552213010722
1429,2019-11-06,149.21552213010722
1430,2019-11-07,149.21552213010722
1431,2019-11-08,149.21552213010722
1432,2019-11-12,149.21552213010722
1433,2019-11-13,149.21552213010722
1434,2019-11-14,149.21552213010722
1435,2019-11-15,149.21552213010722
1436,2019-11-18,149.21552213010722
1437,2019-11-19,149.21552213010722
1438,2019-11-20,149.21552213010722
1439,2019-11-21,149.21552213010722
1440,2019-11-22,149.21552213010722
1441,2019-11-25,149.21552213010722
1442,2019-11-26,149.21552213010722
1443,2019-11-27,149.21552213010722
1444,2019-11-29,149.21552213010722
1445,2019-12-02,149.21552213010722
1446,2019-12-03,149.21552213010722
1447,2019-12-04,149.21552213010722
1448,2019-12-05,149.21552213010722
1449,2019-12-06,149.21552213010722
1450,2019-12-09,149.21552213010722
1451,2019-12-10,149.21552213010722
1452,2019-12-11,149.21552213010722
1453,2019-12-12,149.21552213010722
1454,2019-12-13,149.21552213010722
1455,2019-12-16,149.21552213010722
1456,2019-12-17,149.21552213010722
1457,2019-12-18,149.21552213010722
1458,2019-12-19,149.21552213010722
1459,2019-12-20,149.21552213010722
1460,2019-12-23,149.21552213010722
1461,2019-12-24,149.21552213010722
1462,2019-12-26,149.21552213010722
1463,2019-12-27,149.21552213010722
1464,2019-12-30,149.21552213010722
1465,2019-12-31,149.21552213010722
1466,2020-01-02,149.21552213010722
1467,2020-01-03,149.21552213010722
1468,2020-01-06,149.21552213010722
1469,2020-01-07,149.21552213010722
1470,2020-01-08,149.21552213010722
1471,2020-01-09,149.21552213010722
1472,2020-01-10,149.21552213010722
1473,2020-01-13,149.21552213010722
1474,2020-01-14,149.21552213010722
1475,2020-01-15,149.21552213010722
1476,2020-01-16,149.21552213010722
1477,2020-01-17,149.21552213010722
1478,2020-01-21,149.21552213010722
1479,2020-01-22,149.21552213010722
1480,2020-01-23,149.21552213010722
1481,2020-01-24,149.21552213010722
1482,2020-01-27,149.21552213010722
1483,2020-01-28,149.21552213010722
1484,2020-01-29,155.3482217601469
1485,2020-01-30,155.3482217601469
1486,2020-01-31,155.3482217601469
1487,2020-02-03,155.3482217601469
1488,2020-02-04,155.3482217601469
1489,2020-02-05,155.3482217601469
1490,2020-02-06,155.3482217601469
1491,2020-02-07,155.3482217601469
1492,2020-02-10,155.3482217601469
1493,2020-02-11,155.3482217601469
1494,2020-02-12,155.3482217601469
1495,2020-02-13,155.3482217601469
1496,2020-02-14,155.3482217601469
1497,2020-02-18,155.3482217601469
1498,2020-02-19,155.3482217601469
1499,2020-02-20,155.3482217601469
1500,2020-02-21,155.3482217601469
1501,2020-02-24,155.3482217601469
1502,2020-02-25,155.3482217601469
1503,2020-02-26,155.3482217601469
1504,2020-02-27,155.3482217601469
1505,2020-02-28,155.3482217601469
1506,2020-03-02,155.3482217601469
1507,2020-03-03,155.3482217601469
1508,2020-03-04,155.3482217601469
1509,2020-03-05,155.3482217601469
1510,2020-03-06,155.3482217601469
1511,2020-03-09,155.3482217601469
1512,2020-03-10,155.3482217601469
1513,2020-03-11,155.3482217601469
1514,2020-03-12,155.3482217601469
1515,2020-03-13,155.3482217601469
1516,2020-03-16,155.3482217601469
1517,2020-03-17,155.3482217601469
1518,2020-03-18,155.3482217601469
1519,2020-03-19,155.3482217601469
1520,2020-03-20,155.3482217601469
1521,2020-03-23,155.3482217601469
1522,2020-03-24,155.3482217601469
1523,2020-03-25,155.3482217601469
1524,2020-03-26,155.3482217601469
1525,2020-03-27,155.3482217601469
1526,2020-03-30,155.3482217601469
1527,2020-03-31,155.3482217601469
1528,2020-04-01,155.3482217601469
1529,2020-04-02,155.3482217601469
1530,2020-04-03,155.3482217601469
1531,2020-04-06,155.3482217601469
1532,2020-04-07,155.3482217601469
1533,2020-04-08,155.3482217601469
1534,2020-04-09,155.3482217601469
1535,2020-04-10,155.3482217601469
1536,2020-04-13,155.3482217601469
1537,2020-04-14,155.3482217601469
1538,2020-04-15,155.3482217601469
1539,2020-04-16,155.3482217601469
1540,2020-04-17,155.3482217601469
1541,2020-04-20,155.3482217601469
1542,2020-04-21,155.3482217601469
1543,2020-04-22,155.3482217601469
1544,2020-04-23,155.3482217601469
1545,2020-04-24,155.3482217601469
1546,2020-04-27,155.3482217601469
1547,2020-04-28,155.3482217601469
1548,2020-04-29,155.3482217601469
1549,2020-04-30,155.3482217601469
1550,2020-05-01,154.50568442656152
1551,2020-05-04,154.50568442656152
1552,2020-05-05,154.50568442656152
1553,2020-05-06,154.50568442656152
1554,2020-05-07,154.50568442656152
1555,2020-05-08,154.50568442656152
1556,2020-05-11,154.50568442656152
1557,2020-05-12,154.50568442656152
1558,2020-05-13,154.50568442656152
1559,2020-05-14,154.50568442656152
1560,2020-05-15,154.50568442656152
1561,2020-05-18,154.50568442656152
1562,2020-05-19,154.50568442656152
1563,2020-05-20,154.50568442656152
1564,2020-05-21,154.50568442656152
1565,2020-05-22,154.50568442656152
1566,2020-05-26,154.50568442656152
1567,2020-05-27,154.50568442656152
1568,2020-05-28,154.50568442656152
1569,2020-05-29,154.50568442656152
1570,2020-06-01,154.50568442656152
1571,2020-06-02,154.50568442656152
1572,2020-06-03,154.50568442656152
1573,2020-06-04,154.50568442656152
1574,2020-06-05,154.50568442656152
1575,2020-06-08,154.50568442656152
1576,2020-06-09,154.50568442656152
1577,2020-06-10,154.50568442656152
1578,2020-06-11,154.50568442656152
1579,2020-06-12,154.50568442656152
1580,2020-06-15,154.50568442656152
1581,2020-06-16,154.50568442656152
1582,2020-06-17,154.50568442656152
1583,2020-06-18,154.50568442656152
1584,2020-06-19,154.50568442656152
1585,2020-06-22,154.50568442656152
1586,2020-06-23,154.50568442656152
1587,2020-06-24,154.50568442656152
1588,2020-06-25,154.50568442656152
1589,2020-06-26,154.50568442656152
1590,2020-06-29,154.50568442656152
1591,2020-06-30,154.50568442656152
1592,2020-07-01,154.50568442656152
1593,2020-07-02,154.50568442656152
1594,2020-07-06,154.50568442656152
1595,2020-07-07,154.50568442656152
1596,2020-07-08,154.50568442656152
1597,2020-07-09,154.50568442656152
1598,2020-07-10,154.50568442656152
1599,2020-07-13,154.50568442656152
1600,2020-07-14,154.50568442656152
1601,2020-07-15,154.50568442656152
1602,2020-07-16,154.50568442656152
1603,2020-07-17,154.50568442656152
1604,2020-07-20,154.50568442656152
1605,2020-07-21,154.50568442656152
1606,2020-07-22,154.50568442656152
1607,2020-07-23,154.50568442656152
1608,2020-07-24,154.50568442656152
1609,2020-07-27,154.50568442656152
1610,2020-07-28,154.50568442656152
1611,2020-07-29,154.50568442656152
1612,2020-07-30,154.50568442656152
1613,2020-07-31,157.77051659420485
1614,2020-08-03,157.77051659420485
1615,2020-08-04,157.77051659420485
1616,2020-08-05,157.77051659420485
1617,2020-08-06,157.77051659420485
1618,2020-08-07,157.77051659420485
1619,2020-08-10,157.77051659420485
1620,2020-08-11,157.77051659420485
1621,2020-08-12,157.77051659420485
1622,2020-08-13,157.77051659420485
1623,2020-08-14,157.77051659420485
1624,2020-08-17,157.77051659420485
1625,2020-08-18,157.77051659420485
1626,2020-08-19,157.77051659420485
1627,2020-08-20,157.77051659420485
1628,2020-08-21,157.77051659420485
1629,2020-08-24,157.77051659420485
1630,2020-08-25,157.77051659420485
1631,2020-08-26,157.77051659420485
1632,2020-08-27,157.77051659420485
1633,2020-08-28,157.77051659420485
1634,2020-08-31,157.77051659420485
1635,2020-09-01,157.77051659420485
1636,2020-09-02,157.77051659420485
