,Unnamed: 0,Date,Index Level
0,0,2014-03-01,100.0
1,1,2014-03-03,99.6476041838597
2,2,2014-03-04,99.6476041838597
3,3,2014-03-05,99.6476041838597
4,4,2014-03-06,99.6476041838597
5,5,2014-03-07,99.6476041838597
6,6,2014-03-10,99.6476041838597
7,7,2014-03-11,99.6476041838597
8,8,2014-03-12,99.6476041838597
9,9,2014-03-13,99.6476041838597
10,10,2014-03-14,99.6476041838597
11,11,2014-03-17,99.6476041838597
12,12,2014-03-18,99.6476041838597
13,13,2014-03-19,99.6476041838597
14,14,2014-03-20,99.6476041838597
15,15,2014-03-21,99.6476041838597
16,16,2014-03-24,99.6476041838597
17,17,2014-03-25,99.6476041838597
18,18,2014-03-26,99.6476041838597
19,19,2014-03-27,99.6476041838597
20,20,2014-03-28,99.6476041838597
21,21,2014-03-31,99.6476041838597
22,22,2014-04-01,99.6476041838597
23,23,2014-04-02,99.6476041838597
24,24,2014-04-03,99.6476041838597
25,25,2014-04-04,99.6476041838597
26,26,2014-04-07,99.6476041838597
27,27,2014-04-08,99.6476041838597
28,28,2014-04-09,99.6476041838597
29,29,2014-04-10,99.6476041838597
30,30,2014-04-11,99.6476041838597
31,31,2014-04-14,99.6476041838597
32,32,2014-04-15,99.6476041838597
33,33,2014-04-16,99.6476041838597
34,34,2014-04-17,99.6476041838597
35,35,2014-04-18,99.6476041838597
36,36,2014-04-21,99.6476041838597
37,37,2014-04-22,99.6476041838597
38,38,2014-04-23,99.6476041838597
39,39,2014-04-24,99.6476041838597
40,40,2014-04-25,99.6476041838597
41,41,2014-04-28,99.65610634164032
42,42,2014-04-29,99.65350046602993
43,43,2014-04-30,99.61858645599995
44,44,2014-05-01,99.29285200469864
45,45,2014-05-02,98.82835467714294
46,46,2014-05-05,98.82835467714294
47,47,2014-05-06,98.89252436404934
48,48,2014-05-07,98.74203504754813
49,49,2014-05-08,98.70425310854168
50,50,2014-05-09,98.6053632236039
51,51,2014-05-12,98.6056400978875
52,52,2014-05-13,98.6056400978875
53,53,2014-05-14,98.6056400978875
54,54,2014-05-15,98.6056400978875
55,55,2014-05-16,98.6056400978875
56,56,2014-05-19,98.6056400978875
57,57,2014-05-20,98.6056400978875
58,58,2014-05-21,98.6056400978875
59,59,2014-05-22,98.6056400978875
60,60,2014-05-23,98.6056400978875
61,61,2014-05-27,98.6056400978875
62,62,2014-05-28,98.6056400978875
63,63,2014-05-29,98.6056400978875
64,64,2014-05-30,98.6056400978875
65,65,2014-06-02,98.6056400978875
66,66,2014-06-03,98.6056400978875
67,67,2014-06-04,98.6056400978875
68,68,2014-06-05,98.6056400978875
69,69,2014-06-06,98.6056400978875
70,70,2014-06-09,98.6056400978875
71,71,2014-06-10,98.6056400978875
72,72,2014-06-11,98.6056400978875
73,73,2014-06-12,98.6056400978875
74,74,2014-06-13,98.6056400978875
75,75,2014-06-16,98.6056400978875
76,76,2014-06-17,98.6056400978875
77,77,2014-06-18,98.6056400978875
78,78,2014-06-19,98.6056400978875
79,79,2014-06-20,98.6056400978875
80,80,2014-06-23,98.6056400978875
81,81,2014-06-24,98.6056400978875
82,82,2014-06-25,98.6056400978875
83,83,2014-06-26,98.6056400978875
84,84,2014-06-27,98.6056400978875
85,85,2014-06-30,98.6056400978875
86,86,2014-07-01,98.6056400978875
87,87,2014-07-02,98.6056400978875
88,88,2014-07-03,98.6056400978875
89,89,2014-07-07,98.6056400978875
90,90,2014-07-08,98.6056400978875
91,91,2014-07-09,98.6056400978875
92,92,2014-07-10,98.6056400978875
93,93,2014-07-11,98.6056400978875
94,94,2014-07-14,98.6056400978875
95,95,2014-07-15,98.6056400978875
96,96,2014-07-16,98.6056400978875
97,97,2014-07-17,98.6056400978875
98,98,2014-07-18,98.6056400978875
99,99,2014-07-21,98.6056400978875
100,100,2014-07-22,98.6056400978875
101,101,2014-07-23,98.6056400978875
102,102,2014-07-24,98.6056400978875
103,103,2014-07-25,98.6056400978875
104,104,2014-07-28,98.57863671187462
105,105,2014-07-29,98.43971096839462
106,106,2014-07-30,98.44583249593792
107,107,2014-07-31,98.44583249593792
108,108,2014-08-01,98.16895821233179
109,109,2014-08-04,98.00739392448635
110,110,2014-08-05,97.97172600206886
111,111,2014-08-06,97.94566659449588
112,112,2014-08-07,97.95593488447143
113,113,2014-08-08,97.9486034163088
114,114,2014-08-11,97.90829377796024
115,115,2014-08-12,97.90829377796024
116,116,2014-08-13,97.90829377796024
117,117,2014-08-14,97.90829377796024
118,118,2014-08-15,97.90829377796024
119,119,2014-08-18,97.90829377796024
120,120,2014-08-19,97.90829377796024
121,121,2014-08-20,97.90829377796024
122,122,2014-08-21,97.90829377796024
123,123,2014-08-22,97.90829377796024
124,124,2014-08-25,97.90829377796024
125,125,2014-08-26,97.90829377796024
126,126,2014-08-27,97.90829377796024
127,127,2014-08-28,97.90829377796024
128,128,2014-08-29,97.90829377796024
129,129,2014-09-02,97.90829377796024
130,130,2014-09-03,97.90829377796024
131,131,2014-09-04,97.90829377796024
132,132,2014-09-05,97.90829377796024
133,133,2014-09-08,97.90829377796024
134,134,2014-09-09,97.90829377796024
135,135,2014-09-10,97.90829377796024
136,136,2014-09-11,97.90829377796024
137,137,2014-09-12,97.90829377796024
138,138,2014-09-15,97.90829377796024
139,139,2014-09-16,97.90829377796024
140,140,2014-09-17,97.90829377796024
141,141,2014-09-18,97.90829377796024
142,142,2014-09-19,97.90829377796024
143,143,2014-09-22,97.90829377796024
144,144,2014-09-23,97.90829377796024
145,145,2014-09-24,97.90829377796024
146,146,2014-09-25,97.90829377796024
147,147,2014-09-26,97.90829377796024
148,148,2014-09-29,97.90829377796024
149,149,2014-09-30,97.90829377796024
150,150,2014-10-01,97.90829377796024
151,151,2014-10-02,97.90829377796024
152,152,2014-10-03,97.90829377796024
153,153,2014-10-06,97.90829377796024
154,154,2014-10-07,97.90829377796024
155,155,2014-10-08,97.90829377796024
156,156,2014-10-09,97.90829377796024
157,157,2014-10-10,97.90829377796024
158,158,2014-10-14,97.90829377796024
159,159,2014-10-15,97.90829377796024
160,160,2014-10-16,97.90829377796024
161,161,2014-10-17,97.90829377796024
162,162,2014-10-20,97.90829377796024
163,163,2014-10-21,97.90829377796024
164,164,2014-10-22,97.90829377796024
165,165,2014-10-23,97.90829377796024
166,166,2014-10-24,97.90829377796024
167,167,2014-10-27,97.89738167384165
168,168,2014-10-28,97.90077908416872
169,169,2014-10-29,97.90077908416872
170,170,2014-10-30,98.07797390252709
171,171,2014-10-31,98.08157326821396
172,172,2014-11-03,98.08157326821396
173,173,2014-11-04,98.18206234644043
174,174,2014-11-05,98.50534580886291
175,175,2014-11-06,98.41037662664823
176,176,2014-11-07,98.53831795296145
177,177,2014-11-10,98.56528876552919
178,178,2014-11-12,98.56528876552919
179,179,2014-11-13,98.56528876552919
180,180,2014-11-14,98.56528876552919
181,181,2014-11-17,98.56528876552919
182,182,2014-11-18,98.56528876552919
183,183,2014-11-19,98.56528876552919
184,184,2014-11-20,98.56528876552919
185,185,2014-11-21,98.56528876552919
186,186,2014-11-24,98.56528876552919
187,187,2014-11-25,98.56528876552919
188,188,2014-11-26,98.56528876552919
189,189,2014-11-28,98.56528876552919
190,190,2014-12-01,98.56528876552919
191,191,2014-12-02,98.56528876552919
192,192,2014-12-03,98.56528876552919
193,193,2014-12-04,98.56528876552919
194,194,2014-12-05,98.56528876552919
195,195,2014-12-08,98.56528876552919
196,196,2014-12-09,98.56528876552919
197,197,2014-12-10,98.56528876552919
198,198,2014-12-11,98.56528876552919
199,199,2014-12-12,98.56528876552919
200,200,2014-12-15,98.56528876552919
201,201,2014-12-16,98.56528876552919
202,202,2014-12-17,98.56528876552919
203,203,2014-12-18,98.56528876552919
204,204,2014-12-19,98.56528876552919
205,205,2014-12-22,98.56528876552919
206,206,2014-12-23,98.56528876552919
207,207,2014-12-24,98.56528876552919
208,208,2014-12-26,98.56528876552919
209,209,2014-12-29,98.56528876552919
210,210,2014-12-30,98.56528876552919
211,211,2014-12-31,98.56528876552919
212,212,2015-01-02,98.56528876552919
213,213,2015-01-05,98.56528876552919
214,214,2015-01-06,98.56528876552919
215,215,2015-01-07,98.56528876552919
216,216,2015-01-08,98.56528876552919
217,217,2015-01-09,98.56528876552919
218,218,2015-01-12,98.56528876552919
219,219,2015-01-13,98.56528876552919
220,220,2015-01-14,98.56528876552919
221,221,2015-01-15,98.56528876552919
222,222,2015-01-16,98.56528876552919
223,223,2015-01-20,98.56528876552919
224,224,2015-01-21,98.56528876552919
225,225,2015-01-22,98.56528876552919
226,226,2015-01-23,98.56528876552919
227,227,2015-01-26,98.56528876552919
228,228,2015-01-27,98.56528876552919
229,229,2015-01-28,98.56528876552919
230,230,2015-01-29,98.56528876552919
231,231,2015-01-30,98.56528876552919
232,232,2015-02-02,98.56528876552919
233,233,2015-02-03,98.56528876552919
234,234,2015-02-04,98.56528876552919
235,235,2015-02-05,98.56528876552919
236,236,2015-02-06,98.56528876552919
237,237,2015-02-09,98.56528876552919
238,238,2015-02-10,98.56528876552919
239,239,2015-02-11,98.56528876552919
240,240,2015-02-12,98.56528876552919
241,241,2015-02-13,98.54953299011976
242,242,2015-02-17,98.5444249853217
243,243,2015-02-18,98.5444249853217
244,244,2015-02-19,98.5444249853217
245,245,2015-02-20,98.57609451734943
246,246,2015-02-23,98.34922047201808
247,247,2015-02-24,98.21142551568578
248,248,2015-02-25,97.74774252425834
249,249,2015-02-26,97.7558321393564
250,250,2015-02-27,97.70485469772775
251,251,2015-03-02,97.66531721289604
252,252,2015-03-03,97.66531721289604
253,253,2015-03-04,97.66531721289604
254,254,2015-03-05,97.66531721289604
255,255,2015-03-06,97.66531721289604
256,256,2015-03-09,97.66531721289604
257,257,2015-03-10,97.66531721289604
258,258,2015-03-11,97.66531721289604
259,259,2015-03-12,97.66531721289604
260,260,2015-03-13,97.66531721289604
261,261,2015-03-16,97.66531721289604
262,262,2015-03-17,97.66531721289604
263,263,2015-03-18,97.66531721289604
264,264,2015-03-19,97.66531721289604
265,265,2015-03-20,97.66531721289604
266,266,2015-03-23,97.66531721289604
267,267,2015-03-24,97.66531721289604
268,268,2015-03-25,97.66531721289604
269,269,2015-03-26,97.66531721289604
270,270,2015-03-27,97.66531721289604
271,271,2015-03-30,97.66531721289604
272,272,2015-03-31,97.66531721289604
273,273,2015-04-01,97.66531721289604
274,274,2015-04-02,97.66531721289604
275,275,2015-04-03,97.66531721289604
276,276,2015-04-06,97.66531721289604
277,277,2015-04-07,97.66531721289604
278,278,2015-04-08,97.66531721289604
279,279,2015-04-09,97.66531721289604
280,280,2015-04-10,97.66531721289604
281,281,2015-04-13,97.66531721289604
282,282,2015-04-14,97.66531721289604
283,283,2015-04-15,97.66531721289604
284,284,2015-04-16,97.66531721289604
285,285,2015-04-17,97.66531721289604
286,286,2015-04-20,97.66531721289604
287,287,2015-04-21,97.66531721289604
288,288,2015-04-22,97.66531721289604
289,289,2015-04-23,97.66531721289604
290,290,2015-04-24,97.66531721289604
291,291,2015-04-27,97.6680859557321
292,292,2015-04-28,97.68152250184828
293,293,2015-04-29,97.41214011062208
294,294,2015-04-30,97.41214011062208
295,295,2015-05-01,97.41214011062208
296,296,2015-05-04,97.5365706710192
297,297,2015-05-05,97.8956262908836
298,298,2015-05-06,98.01251463292805
299,299,2015-05-07,98.00965517304728
300,300,2015-05-08,98.06333474481673
301,301,2015-05-11,97.88664970087463
302,302,2015-05-12,97.88664970087463
303,303,2015-05-13,97.88664970087463
304,304,2015-05-14,97.88664970087463
305,305,2015-05-15,97.88664970087463
306,306,2015-05-18,97.88664970087463
307,307,2015-05-19,97.88664970087463
308,308,2015-05-20,97.88664970087463
309,309,2015-05-21,97.88664970087463
310,310,2015-05-22,97.88664970087463
311,311,2015-05-26,97.88664970087463
312,312,2015-05-27,97.88664970087463
313,313,2015-05-28,97.88664970087463
314,314,2015-05-29,97.88664970087463
315,315,2015-06-01,97.88664970087463
316,316,2015-06-02,97.88664970087463
317,317,2015-06-03,97.88664970087463
318,318,2015-06-04,97.88664970087463
319,319,2015-06-05,97.88664970087463
320,320,2015-06-08,97.88664970087463
321,321,2015-06-09,97.88664970087463
322,322,2015-06-10,97.88664970087463
323,323,2015-06-11,97.88664970087463
324,324,2015-06-12,97.88664970087463
325,325,2015-06-15,97.88664970087463
326,326,2015-06-16,97.88664970087463
327,327,2015-06-17,97.88664970087463
328,328,2015-06-18,97.88664970087463
329,329,2015-06-19,97.88664970087463
330,330,2015-06-22,97.88664970087463
331,331,2015-06-23,97.88664970087463
332,332,2015-06-24,97.88664970087463
333,333,2015-06-25,97.88664970087463
334,334,2015-06-26,97.88664970087463
335,335,2015-06-29,97.88664970087463
336,336,2015-06-30,97.88664970087463
337,337,2015-07-01,97.88664970087463
338,338,2015-07-02,97.88664970087463
339,339,2015-07-06,97.88664970087463
340,340,2015-07-07,97.88664970087463
341,341,2015-07-08,97.88664970087463
342,342,2015-07-09,97.88664970087463
343,343,2015-07-10,97.88664970087463
344,344,2015-07-13,97.88664970087463
345,345,2015-07-14,97.88664970087463
346,346,2015-07-15,97.88664970087463
347,347,2015-07-16,97.88664970087463
348,348,2015-07-17,97.88664970087463
349,349,2015-07-20,97.88664970087463
350,350,2015-07-21,97.88664970087463
351,351,2015-07-22,97.88664970087463
352,352,2015-07-23,97.88664970087463
353,353,2015-07-24,97.88664970087463
354,354,2015-07-27,97.89365299157758
355,355,2015-07-28,97.89365299157758
356,356,2015-07-29,97.93446751832565
357,357,2015-07-30,97.93658479225913
358,358,2015-07-31,97.93658479225913
359,359,2015-08-03,97.70612766796343
360,360,2015-08-04,97.852315498168
361,361,2015-08-05,97.88304968371885
362,362,2015-08-06,97.89933640628391
363,363,2015-08-07,97.90529213499151
364,364,2015-08-10,97.9059022356188
365,365,2015-08-11,97.9059022356188
366,366,2015-08-12,97.9059022356188
367,367,2015-08-13,97.9059022356188
368,368,2015-08-14,97.9059022356188
369,369,2015-08-17,97.9059022356188
370,370,2015-08-18,97.9059022356188
371,371,2015-08-19,97.9059022356188
372,372,2015-08-20,97.9059022356188
373,373,2015-08-21,97.9059022356188
374,374,2015-08-24,97.9059022356188
375,375,2015-08-25,97.9059022356188
376,376,2015-08-26,97.9059022356188
377,377,2015-08-27,97.9059022356188
378,378,2015-08-28,97.9059022356188
379,379,2015-08-31,97.9059022356188
380,380,2015-09-01,97.9059022356188
381,381,2015-09-02,97.9059022356188
382,382,2015-09-03,97.9059022356188
383,383,2015-09-04,97.9059022356188
384,384,2015-09-08,97.9059022356188
385,385,2015-09-09,97.9059022356188
386,386,2015-09-10,97.9059022356188
387,387,2015-09-11,97.9059022356188
388,388,2015-09-14,97.9059022356188
389,389,2015-09-15,97.9059022356188
390,390,2015-09-16,97.9059022356188
391,391,2015-09-17,97.9059022356188
392,392,2015-09-18,97.9059022356188
393,393,2015-09-21,97.9059022356188
394,394,2015-09-22,97.9059022356188
395,395,2015-09-23,97.9059022356188
396,396,2015-09-24,97.9059022356188
397,397,2015-09-25,97.9059022356188
398,398,2015-09-28,97.9059022356188
399,399,2015-09-29,97.9059022356188
400,400,2015-09-30,97.9059022356188
401,401,2015-10-01,97.9059022356188
402,402,2015-10-02,97.9059022356188
403,403,2015-10-05,97.9059022356188
404,404,2015-10-06,97.9059022356188
405,405,2015-10-07,97.9059022356188
406,406,2015-10-08,97.9059022356188
407,407,2015-10-09,97.9059022356188
408,408,2015-10-13,97.9059022356188
409,409,2015-10-14,97.9059022356188
410,410,2015-10-15,97.9059022356188
411,411,2015-10-16,97.9059022356188
412,412,2015-10-19,97.9059022356188
413,413,2015-10-20,97.9059022356188
414,414,2015-10-21,97.9059022356188
415,415,2015-10-22,97.9059022356188
416,416,2015-10-23,97.9059022356188
417,417,2015-10-26,97.9059022356188
418,418,2015-10-27,97.9059022356188
419,419,2015-10-28,97.91712378746612
420,420,2015-10-29,97.92705868823082
421,421,2015-10-30,97.63289441994965
422,422,2015-11-02,97.3517855884766
423,423,2015-11-03,96.89982903729604
424,424,2015-11-04,97.02539966827268
425,425,2015-11-05,97.02896483184216
426,426,2015-11-06,96.90091487308945
427,427,2015-11-09,96.90089581762405
428,428,2015-11-10,96.90089581762405
429,429,2015-11-12,96.90089581762405
430,430,2015-11-13,96.90089581762405
431,431,2015-11-16,96.90089581762405
432,432,2015-11-17,96.90089581762405
433,433,2015-11-18,96.90089581762405
434,434,2015-11-19,96.90089581762405
435,435,2015-11-20,96.90089581762405
436,436,2015-11-23,96.90089581762405
437,437,2015-11-24,96.90089581762405
438,438,2015-11-25,96.90089581762405
439,439,2015-11-27,96.90089581762405
440,440,2015-11-30,96.90089581762405
441,441,2015-12-01,96.90089581762405
442,442,2015-12-02,96.90089581762405
443,443,2015-12-03,96.90089581762405
444,444,2015-12-04,96.90089581762405
445,445,2015-12-07,96.90089581762405
446,446,2015-12-08,96.90089581762405
447,447,2015-12-09,96.90089581762405
448,448,2015-12-10,96.90089581762405
449,449,2015-12-11,96.90089581762405
450,450,2015-12-14,96.90089581762405
451,451,2015-12-15,96.90089581762405
452,452,2015-12-16,96.90089581762405
453,453,2015-12-17,96.90089581762405
454,454,2015-12-18,96.90089581762405
455,455,2015-12-21,96.90089581762405
456,456,2015-12-22,96.90089581762405
457,457,2015-12-23,96.90089581762405
458,458,2015-12-24,96.90089581762405
459,459,2015-12-28,96.90089581762405
460,460,2015-12-29,96.90089581762405
461,461,2015-12-30,96.90089581762405
462,462,2015-12-31,96.90089581762405
463,463,2016-01-04,96.90089581762405
464,464,2016-01-05,96.90089581762405
465,465,2016-01-06,96.90089581762405
466,466,2016-01-07,96.90089581762405
467,467,2016-01-08,96.90089581762405
468,468,2016-01-11,96.90089581762405
469,469,2016-01-12,96.90089581762405
470,470,2016-01-13,96.90089581762405
471,471,2016-01-14,96.90089581762405
472,472,2016-01-15,96.90089581762405
473,473,2016-01-19,96.90089581762405
474,474,2016-01-20,96.90089581762405
475,475,2016-01-21,96.90089581762405
476,476,2016-01-22,96.90089581762405
477,477,2016-01-25,96.90089581762405
478,478,2016-01-26,96.90089581762405
479,479,2016-01-27,96.90089581762405
480,480,2016-01-28,96.90089581762405
481,481,2016-01-29,96.90089581762405
482,482,2016-02-01,96.90089581762405
483,483,2016-02-02,96.90089581762405
484,484,2016-02-03,96.90089581762405
485,485,2016-02-04,96.90089581762405
486,486,2016-02-05,96.90089581762405
487,487,2016-02-08,96.90089581762405
488,488,2016-02-09,96.90089581762405
489,489,2016-02-10,96.90089581762405
490,490,2016-02-11,96.90089581762405
491,491,2016-02-12,96.90089581762405
492,492,2016-02-16,96.934473827802
493,493,2016-02-17,96.94807486981607
494,494,2016-02-18,96.94807486981607
495,495,2016-02-19,96.95465633440462
496,496,2016-02-22,96.93185492281351
497,497,2016-02-23,97.04260463625594
498,498,2016-02-24,97.12859853139952
499,499,2016-02-25,97.24290021616619
500,500,2016-02-26,96.36217452072093
501,501,2016-02-29,96.3590784147613
502,502,2016-03-01,96.3590784147613
503,503,2016-03-02,96.3590784147613
504,504,2016-03-03,96.3590784147613
505,505,2016-03-04,96.3590784147613
506,506,2016-03-07,96.3590784147613
507,507,2016-03-08,96.3590784147613
508,508,2016-03-09,96.3590784147613
509,509,2016-03-10,96.3590784147613
510,510,2016-03-11,96.3590784147613
511,511,2016-03-14,96.3590784147613
512,512,2016-03-15,96.3590784147613
513,513,2016-03-16,96.3590784147613
514,514,2016-03-17,96.3590784147613
515,515,2016-03-18,96.3590784147613
516,516,2016-03-21,96.3590784147613
517,517,2016-03-22,96.3590784147613
518,518,2016-03-23,96.3590784147613
519,519,2016-03-24,96.3590784147613
520,520,2016-03-25,96.3590784147613
521,521,2016-03-28,96.3590784147613
522,522,2016-03-29,96.3590784147613
523,523,2016-03-30,96.3590784147613
524,524,2016-03-31,96.3590784147613
525,525,2016-04-01,96.3590784147613
526,526,2016-04-04,96.3590784147613
527,527,2016-04-05,96.3590784147613
528,528,2016-04-06,96.3590784147613
529,529,2016-04-07,96.3590784147613
530,530,2016-04-08,96.3590784147613
531,531,2016-04-11,96.3590784147613
532,532,2016-04-12,96.3590784147613
533,533,2016-04-13,96.3590784147613
534,534,2016-04-14,96.3590784147613
535,535,2016-04-15,96.3590784147613
536,536,2016-04-18,96.3590784147613
537,537,2016-04-19,96.3590784147613
538,538,2016-04-20,96.3590784147613
539,539,2016-04-21,96.3590784147613
540,540,2016-04-22,96.3590784147613
541,541,2016-04-25,96.3590784147613
542,542,2016-04-26,96.3590784147613
543,543,2016-04-27,96.3590784147613
544,544,2016-04-28,96.36909474913881
545,545,2016-04-29,96.29086392030592
546,546,2016-05-02,95.70310623336944
547,547,2016-05-03,95.70310623336944
548,548,2016-05-04,95.67460446888056
549,549,2016-05-05,95.68376004997052
550,550,2016-05-06,95.10659313011644
551,551,2016-05-09,95.10659313011644
552,552,2016-05-10,95.10158528866215
553,553,2016-05-11,95.10158528866215
554,554,2016-05-12,95.10158528866215
555,555,2016-05-13,95.10158528866215
556,556,2016-05-16,95.10158528866215
557,557,2016-05-17,95.10158528866215
558,558,2016-05-18,95.10158528866215
559,559,2016-05-19,95.10158528866215
560,560,2016-05-20,95.10158528866215
561,561,2016-05-23,95.10158528866215
562,562,2016-05-24,95.10158528866215
563,563,2016-05-25,95.10158528866215
564,564,2016-05-26,95.10158528866215
565,565,2016-05-27,95.10158528866215
566,566,2016-05-31,95.10158528866215
567,567,2016-06-01,95.10158528866215
568,568,2016-06-02,95.10158528866215
569,569,2016-06-03,95.10158528866215
570,570,2016-06-06,95.10158528866215
571,571,2016-06-07,95.10158528866215
572,572,2016-06-08,95.10158528866215
573,573,2016-06-09,95.10158528866215
574,574,2016-06-10,95.10158528866215
575,575,2016-06-13,95.10158528866215
576,576,2016-06-14,95.10158528866215
577,577,2016-06-15,95.10158528866215
578,578,2016-06-16,95.10158528866215
579,579,2016-06-17,95.10158528866215
580,580,2016-06-20,95.10158528866215
581,581,2016-06-21,95.10158528866215
582,582,2016-06-22,95.10158528866215
583,583,2016-06-23,95.10158528866215
584,584,2016-06-24,95.10158528866215
585,585,2016-06-27,95.10158528866215
586,586,2016-06-28,95.10158528866215
587,587,2016-06-29,95.10158528866215
588,588,2016-06-30,95.10158528866215
589,589,2016-07-01,95.10158528866215
590,590,2016-07-05,95.10158528866215
591,591,2016-07-06,95.10158528866215
592,592,2016-07-07,95.10158528866215
593,593,2016-07-08,95.10158528866215
594,594,2016-07-11,95.10158528866215
595,595,2016-07-12,95.10158528866215
596,596,2016-07-13,95.10158528866215
597,597,2016-07-14,95.10158528866215
598,598,2016-07-15,95.10158528866215
599,599,2016-07-18,95.10158528866215
600,600,2016-07-19,95.10158528866215
601,601,2016-07-20,95.10158528866215
602,602,2016-07-21,95.10158528866215
603,603,2016-07-22,95.10158528866215
604,604,2016-07-25,95.10158528866215
605,605,2016-07-26,95.10158528866215
606,606,2016-07-27,95.18223713880434
607,607,2016-07-28,95.18223713880434
608,608,2016-07-29,95.1966411162409
609,609,2016-08-01,94.7295379130748
610,610,2016-08-02,94.7295379130748
611,611,2016-08-03,95.14351268716308
612,612,2016-08-04,95.05613279192923
613,613,2016-08-05,95.17021476880848
614,614,2016-08-08,95.16876753064136
615,615,2016-08-09,95.1714059796969
616,616,2016-08-10,95.1714059796969
617,617,2016-08-11,95.1714059796969
618,618,2016-08-12,95.1714059796969
619,619,2016-08-15,95.1714059796969
620,620,2016-08-16,95.1714059796969
621,621,2016-08-17,95.1714059796969
622,622,2016-08-18,95.1714059796969
623,623,2016-08-19,95.1714059796969
624,624,2016-08-22,95.1714059796969
625,625,2016-08-23,95.1714059796969
626,626,2016-08-24,95.1714059796969
627,627,2016-08-25,95.1714059796969
628,628,2016-08-26,95.1714059796969
629,629,2016-08-29,95.1714059796969
630,630,2016-08-30,95.1714059796969
631,631,2016-08-31,95.1714059796969
632,632,2016-09-01,95.1714059796969
633,633,2016-09-02,95.1714059796969
634,634,2016-09-06,95.1714059796969
635,635,2016-09-07,95.1714059796969
636,636,2016-09-08,95.1714059796969
637,637,2016-09-09,95.1714059796969
638,638,2016-09-12,95.1714059796969
639,639,2016-09-13,95.1714059796969
640,640,2016-09-14,95.1714059796969
641,641,2016-09-15,95.1714059796969
642,642,2016-09-16,95.1714059796969
643,643,2016-09-19,95.1714059796969
644,644,2016-09-20,95.1714059796969
645,645,2016-09-21,95.1714059796969
646,646,2016-09-22,95.1714059796969
647,647,2016-09-23,95.1714059796969
648,648,2016-09-26,95.1714059796969
649,649,2016-09-27,95.1714059796969
650,650,2016-09-28,95.1714059796969
651,651,2016-09-29,95.1714059796969
652,652,2016-09-30,95.1714059796969
653,653,2016-10-03,95.1714059796969
654,654,2016-10-04,95.1714059796969
655,655,2016-10-05,95.1714059796969
656,656,2016-10-06,95.1714059796969
657,657,2016-10-07,95.1714059796969
658,658,2016-10-11,95.1714059796969
659,659,2016-10-12,95.1714059796969
660,660,2016-10-13,95.1714059796969
661,661,2016-10-14,95.1714059796969
662,662,2016-10-17,95.1714059796969
663,663,2016-10-18,95.1714059796969
664,664,2016-10-19,95.1714059796969
665,665,2016-10-20,95.1714059796969
666,666,2016-10-21,95.1714059796969
667,667,2016-10-24,95.22368635913077
668,668,2016-10-25,95.22368635913077
669,669,2016-10-26,95.23467989686219
670,670,2016-10-27,95.23467989686219
671,671,2016-10-28,95.23467989686219
672,672,2016-10-31,95.12746407648191
673,673,2016-11-01,95.98121407334264
674,674,2016-11-02,96.174048868513
675,675,2016-11-03,96.74310695493641
676,676,2016-11-04,96.90918201346348
677,677,2016-11-07,97.02053938452481
678,678,2016-11-08,97.09165258986236
679,679,2016-11-09,97.0950320847946
680,680,2016-11-10,97.0950320847946
681,681,2016-11-14,97.0950320847946
682,682,2016-11-15,97.0950320847946
683,683,2016-11-16,97.0950320847946
684,684,2016-11-17,97.0950320847946
685,685,2016-11-18,97.0950320847946
686,686,2016-11-21,97.0950320847946
687,687,2016-11-22,97.0950320847946
688,688,2016-11-23,97.0950320847946
689,689,2016-11-25,97.0950320847946
690,690,2016-11-28,97.0950320847946
691,691,2016-11-29,97.0950320847946
692,692,2016-11-30,97.0950320847946
693,693,2016-12-01,97.0950320847946
694,694,2016-12-02,97.0950320847946
695,695,2016-12-05,97.0950320847946
696,696,2016-12-06,97.0950320847946
697,697,2016-12-07,97.0950320847946
698,698,2016-12-08,97.0950320847946
699,699,2016-12-09,97.0950320847946
700,700,2016-12-12,97.0950320847946
701,701,2016-12-13,97.0950320847946
702,702,2016-12-14,97.0950320847946
703,703,2016-12-15,97.0950320847946
704,704,2016-12-16,97.0950320847946
705,705,2016-12-19,97.0950320847946
706,706,2016-12-20,97.0950320847946
707,707,2016-12-21,97.0950320847946
708,708,2016-12-22,97.0950320847946
709,709,2016-12-23,97.0950320847946
710,710,2016-12-27,97.0950320847946
711,711,2016-12-28,97.0950320847946
712,712,2016-12-29,97.0950320847946
713,713,2016-12-30,97.0950320847946
714,714,2017-01-03,97.0950320847946
715,715,2017-01-04,97.0950320847946
716,716,2017-01-05,97.0950320847946
717,717,2017-01-06,97.0950320847946
718,718,2017-01-09,97.0950320847946
719,719,2017-01-10,97.0950320847946
720,720,2017-01-11,97.0950320847946
721,721,2017-01-12,97.0950320847946
722,722,2017-01-13,97.0950320847946
723,723,2017-01-17,97.0950320847946
724,724,2017-01-18,97.0950320847946
725,725,2017-01-19,97.0950320847946
726,726,2017-01-20,97.0950320847946
727,727,2017-01-23,97.0950320847946
728,728,2017-01-24,97.0950320847946
729,729,2017-01-25,97.0950320847946
730,730,2017-01-26,97.0950320847946
731,731,2017-01-27,97.0950320847946
732,732,2017-01-30,97.0950320847946
733,733,2017-01-31,97.0950320847946
734,734,2017-02-01,97.0950320847946
735,735,2017-02-02,97.0950320847946
736,736,2017-02-03,97.0950320847946
737,737,2017-02-06,97.0950320847946
738,738,2017-02-07,97.0950320847946
739,739,2017-02-08,97.0950320847946
740,740,2017-02-09,97.0950320847946
741,741,2017-02-10,97.0950320847946
742,742,2017-02-13,97.0950320847946
743,743,2017-02-14,97.0950320847946
744,744,2017-02-15,97.09714935872805
745,745,2017-02-16,97.09714935872805
746,746,2017-02-17,97.09470635034329
747,747,2017-02-21,97.12679119379645
748,748,2017-02-22,97.19586481286717
749,749,2017-02-23,97.46492146964205
750,750,2017-02-24,98.29570718768605
751,751,2017-02-27,98.846471050121
752,752,2017-02-28,99.16216327115593
753,753,2017-03-01,99.25004316877249
754,754,2017-03-02,99.25004316877249
755,755,2017-03-03,99.25004316877249
756,756,2017-03-06,99.25004316877249
757,757,2017-03-07,99.25004316877249
758,758,2017-03-08,99.25004316877249
759,759,2017-03-09,99.25004316877249
760,760,2017-03-10,99.25004316877249
761,761,2017-03-13,99.25004316877249
762,762,2017-03-14,99.25004316877249
763,763,2017-03-15,99.25004316877249
764,764,2017-03-16,99.25004316877249
765,765,2017-03-17,99.25004316877249
766,766,2017-03-20,99.25004316877249
767,767,2017-03-21,99.25004316877249
768,768,2017-03-22,99.25004316877249
769,769,2017-03-23,99.25004316877249
770,770,2017-03-24,99.25004316877249
771,771,2017-03-27,99.25004316877249
772,772,2017-03-28,99.25004316877249
773,773,2017-03-29,99.25004316877249
774,774,2017-03-30,99.25004316877249
775,775,2017-03-31,99.25004316877249
776,776,2017-04-03,99.25004316877249
777,777,2017-04-04,99.25004316877249
778,778,2017-04-05,99.25004316877249
779,779,2017-04-06,99.25004316877249
780,780,2017-04-07,99.25004316877249
781,781,2017-04-10,99.25004316877249
782,782,2017-04-11,99.25004316877249
783,783,2017-04-12,99.25004316877249
784,784,2017-04-13,99.25004316877249
785,785,2017-04-14,99.25004316877249
786,786,2017-04-17,99.25004316877249
787,787,2017-04-18,99.25004316877249
788,788,2017-04-19,99.25004316877249
789,789,2017-04-20,99.25004316877249
790,790,2017-04-21,99.25004316877249
791,791,2017-04-24,99.2840824189335
792,792,2017-04-25,99.2840824189335
793,793,2017-04-26,99.2840824189335
794,794,2017-04-27,99.28985117606602
795,795,2017-04-28,99.35078045665085
796,796,2017-05-01,99.54475532240076
797,797,2017-05-02,100.30925407960493
798,798,2017-05-03,100.42651848207342
799,799,2017-05-04,101.26398175636908
800,800,2017-05-05,101.49165059376162
801,801,2017-05-08,101.57386287479278
802,802,2017-05-09,101.57386287479278
803,803,2017-05-10,101.58162138082109
804,804,2017-05-11,101.58162138082109
805,805,2017-05-12,101.58162138082109
806,806,2017-05-15,101.58162138082109
807,807,2017-05-16,101.58162138082109
808,808,2017-05-17,101.58162138082109
809,809,2017-05-18,101.58162138082109
810,810,2017-05-19,101.58162138082109
811,811,2017-05-22,101.58162138082109
812,812,2017-05-23,101.58162138082109
813,813,2017-05-24,101.58162138082109
814,814,2017-05-25,101.58162138082109
815,815,2017-05-26,101.58162138082109
816,816,2017-05-30,101.58162138082109
817,817,2017-05-31,101.58162138082109
818,818,2017-06-01,101.58162138082109
819,819,2017-06-02,101.58162138082109
820,820,2017-06-05,101.58162138082109
821,821,2017-06-06,101.58162138082109
822,822,2017-06-07,101.58162138082109
823,823,2017-06-08,101.58162138082109
824,824,2017-06-09,101.58162138082109
825,825,2017-06-12,101.58162138082109
826,826,2017-06-13,101.58162138082109
827,827,2017-06-14,101.58162138082109
828,828,2017-06-15,101.58162138082109
829,829,2017-06-16,101.58162138082109
830,830,2017-06-19,101.58162138082109
831,831,2017-06-20,101.58162138082109
832,832,2017-06-21,101.58162138082109
833,833,2017-06-22,101.58162138082109
834,834,2017-06-23,101.58162138082109
835,835,2017-06-26,101.58162138082109
836,836,2017-06-27,101.58162138082109
837,837,2017-06-28,101.58162138082109
838,838,2017-06-29,101.58162138082109
839,839,2017-06-30,101.58162138082109
840,840,2017-07-03,101.58162138082109
841,841,2017-07-05,101.58162138082109
842,842,2017-07-06,101.58162138082109
843,843,2017-07-07,101.58162138082109
844,844,2017-07-10,101.58162138082109
845,845,2017-07-11,101.58162138082109
846,846,2017-07-12,101.58162138082109
847,847,2017-07-13,101.58162138082109
848,848,2017-07-14,101.58162138082109
849,849,2017-07-17,101.58162138082109
850,850,2017-07-18,101.58162138082109
851,851,2017-07-19,101.58162138082109
852,852,2017-07-20,101.58162138082109
853,853,2017-07-21,101.58162138082109
854,854,2017-07-24,101.58162138082109
855,855,2017-07-25,101.58162138082109
856,856,2017-07-26,101.58162138082109
857,857,2017-07-27,101.587354307164
858,858,2017-07-28,101.71262721685216
859,859,2017-07-31,102.14224457362805
860,860,2017-08-01,102.34892308297873
861,861,2017-08-02,102.73426693886816
862,862,2017-08-03,102.86798093112736
863,863,2017-08-04,103.29419322281656
864,864,2017-08-07,103.37302780045496
865,865,2017-08-08,103.37630534050396
866,866,2017-08-09,103.38315081286528
867,867,2017-08-10,103.38315081286528
868,868,2017-08-11,103.38315081286528
869,869,2017-08-14,103.38315081286528
870,870,2017-08-15,103.38315081286528
871,871,2017-08-16,103.38315081286528
872,872,2017-08-17,103.38315081286528
873,873,2017-08-18,103.38315081286528
874,874,2017-08-21,103.38315081286528
875,875,2017-08-22,103.38315081286528
876,876,2017-08-23,103.38315081286528
877,877,2017-08-24,103.38315081286528
878,878,2017-08-25,103.38315081286528
879,879,2017-08-28,103.38315081286528
880,880,2017-08-29,103.38315081286528
881,881,2017-08-30,103.38315081286528
882,882,2017-08-31,103.38315081286528
883,883,2017-09-01,103.38315081286528
884,884,2017-09-05,103.38315081286528
885,885,2017-09-06,103.38315081286528
886,886,2017-09-07,103.38315081286528
887,887,2017-09-08,103.38315081286528
888,888,2017-09-11,103.38315081286528
889,889,2017-09-12,103.38315081286528
890,890,2017-09-13,103.38315081286528
891,891,2017-09-14,103.38315081286528
892,892,2017-09-15,103.38315081286528
893,893,2017-09-18,103.38315081286528
894,894,2017-09-19,103.38315081286528
895,895,2017-09-20,103.38315081286528
896,896,2017-09-21,103.38315081286528
897,897,2017-09-22,103.38315081286528
898,898,2017-09-25,103.38315081286528
899,899,2017-09-26,103.38315081286528
900,900,2017-09-27,103.38315081286528
901,901,2017-09-28,103.38315081286528
902,902,2017-09-29,103.38315081286528
903,903,2017-10-02,103.38315081286528
904,904,2017-10-03,103.38315081286528
905,905,2017-10-04,103.38315081286528
906,906,2017-10-05,103.38315081286528
907,907,2017-10-06,103.38315081286528
908,908,2017-10-10,103.38315081286528
909,909,2017-10-11,103.38315081286528
910,910,2017-10-12,103.38315081286528
911,911,2017-10-13,103.38315081286528
912,912,2017-10-16,103.38315081286528
913,913,2017-10-17,103.38315081286528
914,914,2017-10-18,103.38315081286528
915,915,2017-10-19,103.38315081286528
916,916,2017-10-20,103.38315081286528
917,917,2017-10-23,103.38315081286528
918,918,2017-10-24,103.38315081286528
919,919,2017-10-25,103.38315081286528
920,920,2017-10-26,103.41328124961063
921,921,2017-10-27,103.43232857165049
922,922,2017-10-30,103.69203143792178
923,923,2017-10-31,104.0260721177313
924,924,2017-11-01,104.55750787502942
925,925,2017-11-02,104.55750787502942
926,926,2017-11-03,100.6063121727515
927,927,2017-11-06,100.6063121727515
928,928,2017-11-07,100.72055099076906
929,929,2017-11-08,100.73463835431892
930,930,2017-11-09,100.75073159061992
931,931,2017-11-13,100.75073159061992
932,932,2017-11-14,100.75073159061992
933,933,2017-11-15,100.75073159061992
934,934,2017-11-16,100.75073159061992
935,935,2017-11-17,100.75073159061992
936,936,2017-11-20,100.75073159061992
937,937,2017-11-21,100.75073159061992
938,938,2017-11-22,100.75073159061992
939,939,2017-11-24,100.75073159061992
940,940,2017-11-27,100.75073159061992
941,941,2017-11-28,100.75073159061992
942,942,2017-11-29,100.75073159061992
943,943,2017-11-30,100.75073159061992
944,944,2017-12-01,100.75073159061992
945,945,2017-12-04,100.75073159061992
946,946,2017-12-05,100.75073159061992
947,947,2017-12-06,100.75073159061992
948,948,2017-12-07,100.75073159061992
949,949,2017-12-08,100.75073159061992
950,950,2017-12-11,100.75073159061992
951,951,2017-12-12,100.75073159061992
952,952,2017-12-13,100.75073159061992
953,953,2017-12-14,100.75073159061992
954,954,2017-12-15,100.75073159061992
955,955,2017-12-18,100.75073159061992
956,956,2017-12-19,100.75073159061992
957,957,2017-12-20,100.75073159061992
958,958,2017-12-21,100.75073159061992
959,959,2017-12-22,100.75073159061992
960,960,2017-12-26,100.75073159061992
961,961,2017-12-27,100.75073159061992
962,962,2017-12-28,100.75073159061992
963,963,2017-12-29,100.75073159061992
964,964,2018-01-02,100.75073159061992
965,965,2018-01-03,100.75073159061992
966,966,2018-01-04,100.75073159061992
967,967,2018-01-05,100.75073159061992
968,968,2018-01-08,100.75073159061992
969,969,2018-01-09,100.75073159061992
970,970,2018-01-10,100.75073159061992
971,971,2018-01-11,100.75073159061992
972,972,2018-01-12,100.75073159061992
973,973,2018-01-16,100.75073159061992
974,974,2018-01-17,100.75073159061992
975,975,2018-01-18,100.75073159061992
976,976,2018-01-19,100.75073159061992
977,977,2018-01-22,100.75073159061992
978,978,2018-01-23,100.75073159061992
979,979,2018-01-24,100.75073159061992
980,980,2018-01-25,100.75073159061992
981,981,2018-01-26,100.75073159061992
982,982,2018-01-29,100.75073159061992
983,983,2018-01-30,100.75073159061992
984,984,2018-01-31,100.75073159061992
985,985,2018-02-01,100.75073159061992
986,986,2018-02-02,100.75073159061992
987,987,2018-02-05,100.75073159061992
988,988,2018-02-06,100.75073159061992
989,989,2018-02-07,100.75073159061992
990,990,2018-02-08,100.75073159061992
991,991,2018-02-09,100.75073159061992
992,992,2018-02-12,100.75073159061992
993,993,2018-02-13,100.75073159061992
994,994,2018-02-14,100.75073159061992
995,995,2018-02-15,100.76897271989279
996,996,2018-02-16,100.77727243371194
997,997,2018-02-20,100.77727243371194
998,998,2018-02-21,100.92254999899235
999,999,2018-02-22,101.25525989070104
1000,1000,2018-02-23,101.527085290312
1001,1001,2018-02-26,101.69588055724188
1002,1002,2018-02-27,106.84875527599013
1003,1003,2018-02-28,107.01211745513952
1004,1004,2018-03-01,107.29439893063723
1005,1005,2018-03-02,107.28918587647864
1006,1006,2018-03-05,107.28918587647864
1007,1007,2018-03-06,107.28918587647864
1008,1008,2018-03-07,107.28918587647864
1009,1009,2018-03-08,107.28918587647864
1010,1010,2018-03-09,107.28918587647864
1011,1011,2018-03-12,107.28918587647864
1012,1012,2018-03-13,107.28918587647864
1013,1013,2018-03-14,107.28918587647864
1014,1014,2018-03-15,107.28918587647864
1015,1015,2018-03-16,107.28918587647864
1016,1016,2018-03-19,107.28918587647864
1017,1017,2018-03-20,107.28918587647864
1018,1018,2018-03-21,107.28918587647864
1019,1019,2018-03-22,107.28918587647864
1020,1020,2018-03-23,107.28918587647864
1021,1021,2018-03-26,107.28918587647864
1022,1022,2018-03-27,107.28918587647864
1023,1023,2018-03-28,107.28918587647864
1024,1024,2018-03-29,107.28918587647864
1025,1025,2018-03-30,107.28918587647864
1026,1026,2018-04-02,107.28918587647864
1027,1027,2018-04-03,107.28918587647864
1028,1028,2018-04-04,107.28918587647864
1029,1029,2018-04-05,107.28918587647864
1030,1030,2018-04-06,107.28918587647864
1031,1031,2018-04-09,107.28918587647864
1032,1032,2018-04-10,107.28918587647864
1033,1033,2018-04-11,107.28918587647864
1034,1034,2018-04-12,107.28918587647864
1035,1035,2018-04-13,107.28918587647864
1036,1036,2018-04-16,107.28918587647864
1037,1037,2018-04-17,107.28918587647864
1038,1038,2018-04-18,107.28918587647864
1039,1039,2018-04-19,107.28918587647864
1040,1040,2018-04-20,107.28918587647864
1041,1041,2018-04-23,107.28918587647864
1042,1042,2018-04-24,107.28918587647864
1043,1043,2018-04-25,107.28918587647864
1044,1044,2018-04-26,107.28918587647864
1045,1045,2018-04-27,107.29626669198102
1046,1046,2018-04-30,107.67444438994184
1047,1047,2018-05-01,108.01646556380821
1048,1048,2018-05-02,108.78145292268934
1049,1049,2018-05-03,109.00230088067164
1050,1050,2018-05-04,110.05241467974811
1051,1051,2018-05-07,110.05826812783802
1052,1052,2018-05-08,110.21102993073872
1053,1053,2018-05-09,110.29800102923619
1054,1054,2018-05-10,110.30938398250412
1055,1055,2018-05-11,110.30938398250412
1056,1056,2018-05-14,110.30938398250412
1057,1057,2018-05-15,110.30938398250412
1058,1058,2018-05-16,110.30938398250412
1059,1059,2018-05-17,110.30938398250412
1060,1060,2018-05-18,110.30938398250412
1061,1061,2018-05-21,110.30938398250412
1062,1062,2018-05-22,110.30938398250412
1063,1063,2018-05-23,110.30938398250412
1064,1064,2018-05-24,110.30938398250412
1065,1065,2018-05-25,110.30938398250412
1066,1066,2018-05-29,110.30938398250412
1067,1067,2018-05-30,110.30938398250412
1068,1068,2018-05-31,110.30938398250412
1069,1069,2018-06-01,110.30938398250412
1070,1070,2018-06-04,110.30938398250412
1071,1071,2018-06-05,110.30938398250412
1072,1072,2018-06-06,110.30938398250412
1073,1073,2018-06-07,110.30938398250412
1074,1074,2018-06-08,110.30938398250412
1075,1075,2018-06-11,110.30938398250412
1076,1076,2018-06-12,110.30938398250412
1077,1077,2018-06-13,110.30938398250412
1078,1078,2018-06-14,110.30938398250412
1079,1079,2018-06-15,110.30938398250412
1080,1080,2018-06-18,110.30938398250412
1081,1081,2018-06-19,110.30938398250412
1082,1082,2018-06-20,110.30938398250412
1083,1083,2018-06-21,110.30938398250412
1084,1084,2018-06-22,110.30938398250412
1085,1085,2018-06-25,110.30938398250412
1086,1086,2018-06-26,110.30938398250412
1087,1087,2018-06-27,110.30938398250412
1088,1088,2018-06-28,110.30938398250412
1089,1089,2018-06-29,110.30938398250412
1090,1090,2018-07-02,110.30938398250412
1091,1091,2018-07-03,110.30938398250412
1092,1092,2018-07-05,110.30938398250412
1093,1093,2018-07-06,110.30938398250412
1094,1094,2018-07-09,110.30938398250412
1095,1095,2018-07-10,110.30938398250412
1096,1096,2018-07-11,110.30938398250412
1097,1097,2018-07-12,110.30938398250412
1098,1098,2018-07-13,110.30938398250412
1099,1099,2018-07-16,110.30938398250412
1100,1100,2018-07-17,110.30938398250412
1101,1101,2018-07-18,110.30938398250412
1102,1102,2018-07-19,110.30938398250412
1103,1103,2018-07-20,110.30938398250412
1104,1104,2018-07-23,110.30938398250412
1105,1105,2018-07-24,110.30938398250412
1106,1106,2018-07-25,110.36703898038445
1107,1107,2018-07-26,110.36703898038445
1108,1108,2018-07-27,110.53804956731764
1109,1109,2018-07-30,110.92951723089158
1110,1110,2018-07-31,111.30468058224005
1111,1111,2018-08-01,111.95614948484264
1112,1112,2018-08-02,112.15193054812504
1113,1113,2018-08-03,113.20779877201824
1114,1114,2018-08-06,113.20779877201824
1115,1115,2018-08-07,113.26380180762881
1116,1116,2018-08-08,113.36372687665285
1117,1117,2018-08-09,113.3728800147344
1118,1118,2018-08-10,113.3728800147344
1119,1119,2018-08-13,113.3728800147344
1120,1120,2018-08-14,113.3728800147344
1121,1121,2018-08-15,113.3728800147344
1122,1122,2018-08-16,113.3728800147344
1123,1123,2018-08-17,113.3728800147344
1124,1124,2018-08-20,113.3728800147344
1125,1125,2018-08-21,113.3728800147344
1126,1126,2018-08-22,113.3728800147344
1127,1127,2018-08-23,113.3728800147344
1128,1128,2018-08-24,113.3728800147344
1129,1129,2018-08-27,113.3728800147344
1130,1130,2018-08-28,113.3728800147344
1131,1131,2018-08-29,113.3728800147344
1132,1132,2018-08-30,113.3728800147344
1133,1133,2018-08-31,113.3728800147344
1134,1134,2018-09-04,113.3728800147344
1135,1135,2018-09-05,113.3728800147344
1136,1136,2018-09-06,113.3728800147344
1137,1137,2018-09-07,113.3728800147344
1138,1138,2018-09-10,113.3728800147344
1139,1139,2018-09-11,113.3728800147344
1140,1140,2018-09-12,113.3728800147344
1141,1141,2018-09-13,113.3728800147344
1142,1142,2018-09-14,113.3728800147344
1143,1143,2018-09-17,113.3728800147344
1144,1144,2018-09-18,113.3728800147344
1145,1145,2018-09-19,113.3728800147344
1146,1146,2018-09-20,113.3728800147344
1147,1147,2018-09-21,113.3728800147344
1148,1148,2018-09-24,113.3728800147344
1149,1149,2018-09-25,113.3728800147344
1150,1150,2018-09-26,113.3728800147344
1151,1151,2018-09-27,113.3728800147344
1152,1152,2018-09-28,113.3728800147344
1153,1153,2018-10-01,113.3728800147344
1154,1154,2018-10-02,113.3728800147344
1155,1155,2018-10-03,113.3728800147344
1156,1156,2018-10-04,113.3728800147344
1157,1157,2018-10-05,113.3728800147344
1158,1158,2018-10-09,113.3728800147344
1159,1159,2018-10-10,113.3728800147344
1160,1160,2018-10-11,113.3728800147344
1161,1161,2018-10-12,113.3728800147344
1162,1162,2018-10-15,113.3728800147344
1163,1163,2018-10-16,113.3728800147344
1164,1164,2018-10-17,113.3728800147344
1165,1165,2018-10-18,113.3728800147344
1166,1166,2018-10-19,113.3728800147344
1167,1167,2018-10-22,113.3728800147344
1168,1168,2018-10-23,113.3728800147344
1169,1169,2018-10-24,113.3728800147344
1170,1170,2018-10-25,113.3728800147344
1171,1171,2018-10-26,113.41603982953184
1172,1172,2018-10-29,113.77768650408909
1173,1173,2018-10-30,114.12725527092657
1174,1174,2018-10-31,114.81878951103927
1175,1175,2018-11-01,114.99012583242376
1176,1176,2018-11-02,115.39322221590912
1177,1177,2018-11-05,115.70576930794952
1178,1178,2018-11-06,115.91057875301864
1179,1179,2018-11-07,116.08437094929869
1180,1180,2018-11-08,116.07548865941338
1181,1181,2018-11-09,116.1134259737531
1182,1182,2018-11-13,116.1134259737531
1183,1183,2018-11-14,116.1134259737531
1184,1184,2018-11-15,116.1134259737531
1185,1185,2018-11-16,116.1134259737531
1186,1186,2018-11-19,116.1134259737531
1187,1187,2018-11-20,116.1134259737531
1188,1188,2018-11-21,116.1134259737531
1189,1189,2018-11-23,116.1134259737531
1190,1190,2018-11-26,116.1134259737531
1191,1191,2018-11-27,116.1134259737531
1192,1192,2018-11-28,116.1134259737531
1193,1193,2018-11-29,116.1134259737531
1194,1194,2018-11-30,116.1134259737531
1195,1195,2018-12-03,116.1134259737531
1196,1196,2018-12-04,116.1134259737531
1197,1197,2018-12-05,116.1134259737531
1198,1198,2018-12-06,116.1134259737531
1199,1199,2018-12-07,116.1134259737531
1200,1200,2018-12-10,116.1134259737531
1201,1201,2018-12-11,116.1134259737531
1202,1202,2018-12-12,116.1134259737531
1203,1203,2018-12-13,116.1134259737531
1204,1204,2018-12-14,116.1134259737531
1205,1205,2018-12-17,116.1134259737531
1206,1206,2018-12-18,116.1134259737531
1207,1207,2018-12-19,116.1134259737531
1208,1208,2018-12-20,116.1134259737531
1209,1209,2018-12-21,116.1134259737531
1210,1210,2018-12-24,116.1134259737531
1211,1211,2018-12-26,116.1134259737531
1212,1212,2018-12-27,116.1134259737531
1213,1213,2018-12-28,116.1134259737531
1214,1214,2018-12-31,116.1134259737531
1215,1215,2019-01-02,116.1134259737531
1216,1216,2019-01-03,116.1134259737531
1217,1217,2019-01-04,116.1134259737531
1218,1218,2019-01-07,116.1134259737531
1219,1219,2019-01-08,116.1134259737531
1220,1220,2019-01-09,116.1134259737531
1221,1221,2019-01-10,116.1134259737531
1222,1222,2019-01-11,116.1134259737531
1223,1223,2019-01-14,116.1134259737531
1224,1224,2019-01-15,116.1134259737531
1225,1225,2019-01-16,116.1134259737531
1226,1226,2019-01-17,116.1134259737531
1227,1227,2019-01-18,116.1134259737531
1228,1228,2019-01-22,116.1134259737531
1229,1229,2019-01-23,116.1134259737531
1230,1230,2019-01-24,116.1134259737531
1231,1231,2019-01-25,116.1134259737531
1232,1232,2019-01-28,116.1134259737531
1233,1233,2019-01-29,116.1134259737531
1234,1234,2019-01-30,116.1134259737531
1235,1235,2019-01-31,116.1134259737531
1236,1236,2019-02-01,116.1134259737531
1237,1237,2019-02-04,116.1134259737531
1238,1238,2019-02-05,116.1134259737531
1239,1239,2019-02-06,116.1134259737531
1240,1240,2019-02-07,116.1134259737531
1241,1241,2019-02-08,116.1134259737531
1242,1242,2019-02-11,116.1134259737531
1243,1243,2019-02-12,116.12824689128729
1244,1244,2019-02-13,116.12824689128729
1245,1245,2019-02-14,116.12824689128729
1246,1246,2019-02-15,116.15251410790924
1247,1247,2019-02-19,116.15251410790924
1248,1248,2019-02-20,116.24692579561057
1249,1249,2019-02-21,116.28666539866931
1250,1250,2019-02-22,116.9627272523452
1251,1251,2019-02-25,116.99074041515706
1252,1252,2019-02-26,119.16772147353912
1253,1253,2019-02-27,119.47505192834193
1254,1254,2019-02-28,119.52587594904402
1255,1255,2019-03-01,119.63920873668528
1256,1256,2019-03-04,119.63920873668528
1257,1257,2019-03-05,119.63920873668528
1258,1258,2019-03-06,119.63920873668528
1259,1259,2019-03-07,119.63920873668528
1260,1260,2019-03-08,119.63920873668528
1261,1261,2019-03-11,119.63920873668528
1262,1262,2019-03-12,119.63920873668528
1263,1263,2019-03-13,119.63920873668528
1264,1264,2019-03-14,119.63920873668528
1265,1265,2019-03-15,119.63920873668528
1266,1266,2019-03-18,119.63920873668528
1267,1267,2019-03-19,119.63920873668528
1268,1268,2019-03-20,119.63920873668528
1269,1269,2019-03-21,119.63920873668528
1270,1270,2019-03-22,119.63920873668528
1271,1271,2019-03-25,119.63920873668528
1272,1272,2019-03-26,119.63920873668528
1273,1273,2019-03-27,119.63920873668528
1274,1274,2019-03-28,119.63920873668528
1275,1275,2019-03-29,119.63920873668528
1276,1276,2019-04-01,119.63920873668528
1277,1277,2019-04-02,119.63920873668528
1278,1278,2019-04-03,119.63920873668528
1279,1279,2019-04-04,119.63920873668528
1280,1280,2019-04-05,119.63920873668528
1281,1281,2019-04-08,119.63920873668528
1282,1282,2019-04-09,119.63920873668528
1283,1283,2019-04-10,119.63920873668528
1284,1284,2019-04-11,119.63920873668528
1285,1285,2019-04-12,119.63920873668528
1286,1286,2019-04-15,119.63920873668528
1287,1287,2019-04-16,119.63920873668528
1288,1288,2019-04-17,119.63920873668528
1289,1289,2019-04-18,119.63920873668528
1290,1290,2019-04-19,119.63920873668528
1291,1291,2019-04-22,119.63920873668528
1292,1292,2019-04-23,119.63920873668528
1293,1293,2019-04-24,119.63920873668528
1294,1294,2019-04-25,119.63920873668528
1295,1295,2019-04-26,119.80207596233595
1296,1296,2019-04-29,119.86719027915107
1297,1297,2019-04-30,120.22472260185395
1298,1298,2019-05-01,120.31788265492615
1299,1299,2019-05-02,121.16254922087788
1300,1300,2019-05-03,121.56597736490191
1301,1301,2019-05-06,121.58242695469264
1302,1302,2019-05-07,121.58242695469264
1303,1303,2019-05-08,121.744526749976
1304,1304,2019-05-09,121.8784808085258
1305,1305,2019-05-10,121.89955208157879
1306,1306,2019-05-13,121.89955208157879
1307,1307,2019-05-14,121.89955208157879
1308,1308,2019-05-15,121.89955208157879
1309,1309,2019-05-16,121.89955208157879
1310,1310,2019-05-17,121.89955208157879
1311,1311,2019-05-20,121.89955208157879
1312,1312,2019-05-21,121.89955208157879
1313,1313,2019-05-22,121.89955208157879
1314,1314,2019-05-23,121.89955208157879
1315,1315,2019-05-24,121.89955208157879
1316,1316,2019-05-28,121.89955208157879
1317,1317,2019-05-29,121.89955208157879
1318,1318,2019-05-30,121.89955208157879
1319,1319,2019-05-31,121.89955208157879
1320,1320,2019-06-03,121.89955208157879
1321,1321,2019-06-04,121.89955208157879
1322,1322,2019-06-05,121.89955208157879
1323,1323,2019-06-06,121.89955208157879
1324,1324,2019-06-07,121.89955208157879
1325,1325,2019-06-10,121.89955208157879
1326,1326,2019-06-11,121.89955208157879
1327,1327,2019-06-12,121.89955208157879
1328,1328,2019-06-13,121.89955208157879
1329,1329,2019-06-14,121.89955208157879
1330,1330,2019-06-17,121.89955208157879
1331,1331,2019-06-18,121.89955208157879
1332,1332,2019-06-19,121.89955208157879
1333,1333,2019-06-20,121.89955208157879
1334,1334,2019-06-21,121.89955208157879
1335,1335,2019-06-24,121.89955208157879
1336,1336,2019-06-25,121.89955208157879
1337,1337,2019-06-26,121.89955208157879
1338,1338,2019-06-27,121.89955208157879
1339,1339,2019-06-28,121.89955208157879
1340,1340,2019-07-01,121.89955208157879
1341,1341,2019-07-02,121.89955208157879
1342,1342,2019-07-03,121.89955208157879
1343,1343,2019-07-05,121.89955208157879
1344,1344,2019-07-08,121.89955208157879
1345,1345,2019-07-09,121.89955208157879
1346,1346,2019-07-10,121.89955208157879
1347,1347,2019-07-11,121.89955208157879
1348,1348,2019-07-12,121.89955208157879
1349,1349,2019-07-15,121.89955208157879
1350,1350,2019-07-16,121.89955208157879
1351,1351,2019-07-17,121.89955208157879
1352,1352,2019-07-18,121.89955208157879
1353,1353,2019-07-19,121.89955208157879
1354,1354,2019-07-22,121.89955208157879
1355,1355,2019-07-23,121.89955208157879
1356,1356,2019-07-24,121.89955208157879
1357,1357,2019-07-25,121.89955208157879
1358,1358,2019-07-26,121.8923859236502
1359,1359,2019-07-29,122.399717331552
1360,1360,2019-07-30,122.4109388833993
1361,1361,2019-07-31,122.37621119347547
1362,1362,2019-08-01,122.90716160644115
1363,1363,2019-08-02,123.3071174212143
1364,1364,2019-08-05,123.54859886514704
1365,1365,2019-08-06,124.037200542099
1366,1366,2019-08-07,124.16582428208771
1367,1367,2019-08-08,124.16582428208771
1368,1368,2019-08-09,124.22863207325315
1369,1369,2019-08-12,124.22863207325315
1370,1370,2019-08-13,124.22863207325315
1371,1371,2019-08-14,124.22863207325315
1372,1372,2019-08-15,124.22863207325315
1373,1373,2019-08-16,124.22863207325315
1374,1374,2019-08-19,124.22863207325315
1375,1375,2019-08-20,124.22863207325315
1376,1376,2019-08-21,124.22863207325315
1377,1377,2019-08-22,124.22863207325315
1378,1378,2019-08-23,124.22863207325315
1379,1379,2019-08-26,124.22863207325315
1380,1380,2019-08-27,124.22863207325315
1381,1381,2019-08-28,124.22863207325315
1382,1382,2019-08-29,124.22863207325315
1383,1383,2019-08-30,124.22863207325315
1384,1384,2019-09-03,124.22863207325315
1385,1385,2019-09-04,124.22863207325315
1386,1386,2019-09-05,124.22863207325315
1387,1387,2019-09-06,124.22863207325315
1388,1388,2019-09-09,124.22863207325315
1389,1389,2019-09-10,124.22863207325315
1390,1390,2019-09-11,124.22863207325315
1391,1391,2019-09-12,124.22863207325315
1392,1392,2019-09-13,124.22863207325315
1393,1393,2019-09-16,124.22863207325315
1394,1394,2019-09-17,124.22863207325315
1395,1395,2019-09-18,124.22863207325315
1396,1396,2019-09-19,124.22863207325315
1397,1397,2019-09-20,124.22863207325315
1398,1398,2019-09-23,124.22863207325315
1399,1399,2019-09-24,124.22863207325315
1400,1400,2019-09-25,124.22863207325315
1401,1401,2019-09-26,124.22863207325315
1402,1402,2019-09-27,124.22863207325315
1403,1403,2019-09-30,124.22863207325315
1404,1404,2019-10-01,124.22863207325315
1405,1405,2019-10-02,124.06739351985901
1406,1406,2019-10-03,124.06739351985901
1407,1407,2019-10-04,124.06739351985901
1408,1408,2019-10-07,124.06739351985901
1409,1409,2019-10-08,124.06739351985901
1410,1410,2019-10-09,124.06739351985901
1411,1411,2019-10-10,124.06739351985901
1412,1412,2019-10-11,124.06739351985901
1413,1413,2019-10-15,124.06739351985901
1414,1414,2019-10-16,124.06739351985901
1415,1415,2019-10-17,124.06739351985901
1416,1416,2019-10-18,124.06739351985901
1417,1417,2019-10-21,124.06739351985901
1418,1418,2019-10-22,124.06739351985901
1419,1419,2019-10-23,124.06739351985901
1420,1420,2019-10-24,124.06739351985901
1421,1421,2019-10-25,124.10648165401518
1422,1422,2019-10-28,124.28118932697063
1423,1423,2019-10-29,124.28118932697063
1424,1424,2019-10-30,124.29063562605837
1425,1425,2019-10-31,124.47259528797038
1426,1426,2019-11-01,124.88715996714994
1427,1427,2019-11-04,125.50947563636109
1428,1428,2019-11-05,125.66063971177816
1429,1429,2019-11-06,125.67480916040978
1430,1430,2019-11-07,125.7443534657626
1431,1431,2019-11-08,125.82741575084444
1432,1432,2019-11-12,125.84641861013168
1433,1433,2019-11-13,125.84641861013168
1434,1434,2019-11-14,125.84641861013168
1435,1435,2019-11-15,125.84641861013168
1436,1436,2019-11-18,125.84641861013168
1437,1437,2019-11-19,125.84641861013168
1438,1438,2019-11-20,125.84641861013168
1439,1439,2019-11-21,125.84641861013168
1440,1440,2019-11-22,125.84641861013168
1441,1441,2019-11-25,125.84641861013168
1442,1442,2019-11-26,125.84641861013168
1443,1443,2019-11-27,125.84641861013168
1444,1444,2019-11-29,125.84641861013168
1445,1445,2019-12-02,125.84641861013168
1446,1446,2019-12-03,125.84641861013168
1447,1447,2019-12-04,125.84641861013168
1448,1448,2019-12-05,125.84641861013168
1449,1449,2019-12-06,125.84641861013168
1450,1450,2019-12-09,125.84641861013168
1451,1451,2019-12-10,125.84641861013168
1452,1452,2019-12-11,125.84641861013168
1453,1453,2019-12-12,125.84641861013168
1454,1454,2019-12-13,125.84641861013168
1455,1455,2019-12-16,125.84641861013168
1456,1456,2019-12-17,125.84641861013168
1457,1457,2019-12-18,125.84641861013168
1458,1458,2019-12-19,125.84641861013168
1459,1459,2019-12-20,125.84641861013168
1460,1460,2019-12-23,125.84641861013168
1461,1461,2019-12-24,125.84641861013168
1462,1462,2019-12-26,125.84641861013168
1463,1463,2019-12-27,125.84641861013168
1464,1464,2019-12-30,125.84641861013168
1465,1465,2019-12-31,125.84641861013168
1466,1466,2020-01-02,125.84641861013168
1467,1467,2020-01-03,125.84641861013168
1468,1468,2020-01-06,125.84641861013168
1469,1469,2020-01-07,125.84641861013168
1470,1470,2020-01-08,125.84641861013168
1471,1471,2020-01-09,125.84641861013168
1472,1472,2020-01-10,125.84641861013168
1473,1473,2020-01-13,125.84641861013168
1474,1474,2020-01-14,125.84641861013168
1475,1475,2020-01-15,125.84641861013168
1476,1476,2020-01-16,125.84641861013168
1477,1477,2020-01-17,125.84641861013168
1478,1478,2020-01-21,125.84641861013168
1479,1479,2020-01-22,125.84641861013168
1480,1480,2020-01-23,125.84641861013168
1481,1481,2020-01-24,125.84641861013168
1482,1482,2020-01-27,125.84641861013168
1483,1483,2020-01-28,125.84641861013168
1484,1484,2020-01-29,125.84641861013168
1485,1485,2020-01-30,125.84641861013168
1486,1486,2020-01-31,125.84641861013168
1487,1487,2020-02-03,125.84641861013168
1488,1488,2020-02-04,125.84641861013168
1489,1489,2020-02-05,125.84641861013168
1490,1490,2020-02-06,125.84641861013168
1491,1491,2020-02-07,125.84641861013168
1492,1492,2020-02-10,125.84641861013168
1493,1493,2020-02-11,125.84169546058779
1494,1494,2020-02-12,125.84169546058779
1495,1495,2020-02-13,125.84169546058779
1496,1496,2020-02-14,125.8443013361982
1497,1497,2020-02-18,125.8443013361982
1498,1498,2020-02-19,125.54609144603188
1499,1499,2020-02-20,125.61727501001087
1500,1500,2020-02-21,125.98128325934007
1501,1501,2020-02-24,125.98128325934007
1502,1502,2020-02-25,126.0402086215805
1503,1503,2020-02-26,126.00942671593252
1504,1504,2020-02-27,126.23776656629472
1505,1505,2020-02-28,126.27859151654523
1506,1506,2020-03-02,126.3685088831547
1507,1507,2020-03-03,126.5051544854756
1508,1508,2020-03-04,126.5051544854756
1509,1509,2020-03-05,126.5051544854756
1510,1510,2020-03-06,126.5051544854756
1511,1511,2020-03-09,126.5051544854756
1512,1512,2020-03-10,126.5051544854756
1513,1513,2020-03-11,126.5051544854756
1514,1514,2020-03-12,126.5051544854756
1515,1515,2020-03-13,126.5051544854756
1516,1516,2020-03-16,126.5051544854756
1517,1517,2020-03-17,126.5051544854756
1518,1518,2020-03-18,126.5051544854756
1519,1519,2020-03-19,126.5051544854756
1520,1520,2020-03-20,126.5051544854756
1521,1521,2020-03-23,126.5051544854756
1522,1522,2020-03-24,126.5051544854756
1523,1523,2020-03-25,126.5051544854756
1524,1524,2020-03-26,126.5051544854756
1525,1525,2020-03-27,126.5051544854756
1526,1526,2020-03-30,126.5051544854756
1527,1527,2020-03-31,126.5051544854756
1528,1528,2020-04-01,126.5051544854756
1529,1529,2020-04-02,126.5051544854756
1530,1530,2020-04-03,126.5051544854756
1531,1531,2020-04-06,126.5051544854756
1532,1532,2020-04-07,126.5051544854756
1533,1533,2020-04-08,126.5051544854756
1534,1534,2020-04-09,126.5051544854756
1535,1535,2020-04-10,126.5051544854756
1536,1536,2020-04-13,126.5051544854756
1537,1537,2020-04-14,126.5051544854756
1538,1538,2020-04-15,126.5051544854756
1539,1539,2020-04-16,126.5051544854756
1540,1540,2020-04-17,126.5051544854756
1541,1541,2020-04-20,126.5051544854756
1542,1542,2020-04-21,126.5051544854756
1543,1543,2020-04-22,126.5051544854756
1544,1544,2020-04-23,126.5051544854756
1545,1545,2020-04-24,126.5051544854756
1546,1546,2020-04-27,126.49311859750004
1547,1547,2020-04-28,126.49034985466395
1548,1548,2020-04-29,126.4737373976476
1549,1549,2020-04-30,126.47467339559341
1550,1550,2020-05-01,125.95903575918345
1551,1551,2020-05-04,126.01978523435112
1552,1552,2020-05-05,124.85854191546196
1553,1553,2020-05-06,124.84078938786604
1554,1554,2020-05-07,124.30686257635162
1555,1555,2020-05-08,124.75254287612452
1556,1556,2020-05-11,124.7714786341148
1557,1557,2020-05-12,124.7714786341148
1558,1558,2020-05-13,124.7714786341148
1559,1559,2020-05-14,124.7714786341148
1560,1560,2020-05-15,124.7714786341148
1561,1561,2020-05-18,124.7714786341148
1562,1562,2020-05-19,124.7714786341148
1563,1563,2020-05-20,124.7714786341148
1564,1564,2020-05-21,124.7714786341148
1565,1565,2020-05-22,124.7714786341148
1566,1566,2020-05-26,124.7714786341148
1567,1567,2020-05-27,124.7714786341148
1568,1568,2020-05-28,124.7714786341148
1569,1569,2020-05-29,124.7714786341148
1570,1570,2020-06-01,124.7714786341148
1571,1571,2020-06-02,124.7714786341148
1572,1572,2020-06-03,124.7714786341148
1573,1573,2020-06-04,124.7714786341148
1574,1574,2020-06-05,124.7714786341148
1575,1575,2020-06-08,124.7714786341148
1576,1576,2020-06-09,124.7714786341148
1577,1577,2020-06-10,124.7714786341148
1578,1578,2020-06-11,124.7714786341148
1579,1579,2020-06-12,124.7714786341148
1580,1580,2020-06-15,124.7714786341148
1581,1581,2020-06-16,124.7714786341148
1582,1582,2020-06-17,124.7714786341148
1583,1583,2020-06-18,124.7714786341148
1584,1584,2020-06-19,124.7714786341148
1585,1585,2020-06-22,124.7714786341148
1586,1586,2020-06-23,124.7714786341148
1587,1587,2020-06-24,124.7714786341148
1588,1588,2020-06-25,124.7714786341148
1589,1589,2020-06-26,124.7714786341148
1590,1590,2020-06-29,124.7714786341148
1591,1591,2020-06-30,124.7714786341148
1592,1592,2020-07-01,124.7714786341148
1593,1593,2020-07-02,124.7714786341148
1594,1594,2020-07-06,124.7714786341148
1595,1595,2020-07-07,124.7714786341148
1596,1596,2020-07-08,124.7714786341148
1597,1597,2020-07-09,124.7714786341148
1598,1598,2020-07-10,124.7714786341148
1599,1599,2020-07-13,124.7714786341148
1600,1600,2020-07-14,124.7714786341148
1601,1601,2020-07-15,124.7714786341148
1602,1602,2020-07-16,124.7714786341148
1603,1603,2020-07-17,124.7714786341148
1604,1604,2020-07-20,124.7714786341148
1605,1605,2020-07-21,124.7714786341148
1606,1606,2020-07-22,124.7714786341148
1607,1607,2020-07-23,124.7714786341148
1608,1608,2020-07-24,98.41593301013559
1609,1609,2020-07-27,98.41593301013559
1610,1610,2020-07-28,98.41593301013559
1611,1611,2020-07-29,98.41593301013559
1612,1612,2020-07-30,98.41593301013559
1613,1613,2020-07-31,98.41593301013559
1614,1614,2020-08-03,98.41593301013559
1615,1615,2020-08-04,98.41593301013559
1616,1616,2020-08-05,98.41593301013559
1617,1617,2020-08-06,98.41593301013559
1618,1618,2020-08-07,98.41593301013559
1619,1619,2020-08-10,98.41593301013559
1620,1620,2020-08-11,98.41593301013559
1621,1621,2020-08-12,98.41593301013559
1622,1622,2020-08-13,98.41593301013559
1623,1623,2020-08-14,98.41593301013559
1624,1624,2020-08-17,98.41593301013559
1625,1625,2020-08-18,98.41593301013559
1626,1626,2020-08-19,98.41593301013559
1627,1627,2020-08-20,98.41593301013559
1628,1628,2020-08-21,98.41593301013559
1629,1629,2020-08-24,98.41593301013559
1630,1630,2020-08-25,98.41593301013559
1631,1631,2020-08-26,98.41593301013559
1632,1632,2020-08-27,98.41593301013559
1633,1633,2020-08-28,98.41593301013559
1634,1634,2020-08-31,98.41593301013559
1635,1635,2020-09-01,98.41593301013559
1636,1636,2020-09-02,98.41593301013559
1637,1637,2020-09-03,98.41593301013559
1638,1638,2020-09-04,98.41593301013559
1639,1639,2020-09-08,98.41593301013559
1640,1640,2020-09-09,98.41593301013559
1641,1641,2020-09-10,98.41593301013559
1642,1642,2020-09-11,98.41593301013559
1643,1643,2020-09-14,98.41593301013559
1644,1644,2020-09-15,98.41593301013559
1645,1645,2020-09-16,98.41593301013559
1646,1646,2020-09-17,98.41593301013559
1647,1647,2020-09-18,98.41593301013559
1648,1648,2020-09-21,98.41593301013559
1649,1649,2020-09-22,98.41593301013559
1650,1650,2020-09-23,98.41593301013559
1651,1651,2020-09-24,98.41593301013559
1652,1652,2020-09-25,98.41593301013559
1653,1653,2020-09-28,98.41593301013559
1654,1654,2020-09-29,98.41593301013559
1655,1655,2020-09-30,98.41593301013559
1656,1656,2020-10-01,98.41593301013559
1657,1657,2020-10-02,98.41593301013559
1658,1658,2020-10-05,98.41593301013559
1659,1659,2020-10-06,98.41593301013559
1660,1660,2020-10-07,98.41593301013559
1661,1661,2020-10-08,98.41593301013559
1662,1662,2020-10-09,98.41593301013559
1663,1663,2020-10-13,98.41593301013559
1664,1664,2020-10-14,98.41593301013559
1665,1665,2020-10-15,98.41593301013559
1666,1666,2020-10-16,98.41593301013559
1667,1667,2020-10-19,98.41593301013559
1668,1668,2020-10-20,98.41593301013559
1669,1669,2020-10-21,98.41593301013559
1670,1670,2020-10-22,98.41593301013559
1671,1671,2020-10-23,98.41593301013559
1672,1672,2020-10-26,98.41593301013559
1673,1673,2020-10-27,98.41593301013559
1674,1674,2020-10-28,98.41593301013559
1675,1675,2020-10-29,98.41593301013559
1676,1676,2020-10-30,98.41593301013559
1677,1677,2020-11-02,98.41593301013559
1678,1678,2020-11-03,98.41593301013559
1679,1679,2020-11-04,98.41593301013559
1680,1680,2020-11-05,98.41593301013559
1681,1681,2020-11-06,98.41593301013559
1682,1682,2020-11-09,98.41593301013559
1683,1683,2020-11-10,98.41593301013559
1684,1684,2020-11-12,98.41593301013559
1685,1685,2020-11-13,98.41593301013559
1686,1686,2020-11-16,98.41593301013559
1687,1687,2020-11-17,98.41593301013559
1688,1688,2020-11-18,98.41593301013559
1689,1689,2020-11-19,98.41593301013559
1690,1690,2020-11-20,98.41593301013559
1691,1691,2020-11-23,98.41593301013559
1692,1692,2020-11-24,98.41593301013559
1693,1693,2020-11-25,98.41593301013559
1694,1694,2020-11-27,98.41593301013559
1695,1695,2020-11-30,98.41593301013559
1696,1696,2020-12-01,98.41593301013559
1697,1697,2020-12-02,98.41593301013559
1698,1698,2020-12-03,98.41593301013559
1699,1699,2020-12-04,98.41593301013559
1700,1700,2020-12-07,98.41593301013559
1701,1701,2020-12-08,98.41593301013559
1702,1702,2020-12-09,98.41593301013559
1703,1703,2020-12-10,98.41593301013559
1704,1704,2020-12-11,98.41593301013559
1705,1705,2020-12-14,98.41593301013559
1706,1706,2020-12-15,98.41593301013559
1707,1707,2020-12-16,98.41593301013559
1708,1708,2020-12-17,98.41593301013559
1709,1709,2020-12-18,98.41593301013559
1710,1710,2020-12-21,98.41593301013559
1711,1711,2020-12-22,98.41593301013559
1712,1712,2020-12-23,98.41593301013559
1713,1713,2020-12-24,98.41593301013559
1714,1714,2020-12-28,98.41593301013559
1715,1715,2020-12-29,98.41593301013559
1716,1716,2020-12-30,98.41593301013559
1717,1717,2020-12-31,98.41593301013559
1718,1718,2021-01-01,98.41593301013559
1719,1719,2021-01-04,98.41593301013559
1720,1720,2021-01-05,98.41593301013559
1721,1721,2021-01-06,98.41593301013559
1722,1722,2021-01-07,98.41593301013559
1723,1723,2021-01-08,98.41593301013559
1724,1724,2021-01-11,98.41593301013559
1725,1725,2021-01-12,98.41593301013559
1726,1726,2021-01-13,98.41593301013559
1727,1727,2021-01-14,98.41593301013559
1728,1728,2021-01-15,98.41593301013559
1729,1729,2021-01-18,98.41593301013559
1730,1730,2021-01-19,98.41593301013559
1731,1731,2021-01-20,98.41593301013559
1732,1732,2021-01-21,98.41593301013559
1733,1733,2021-01-22,98.41593301013559
1734,1734,2021-01-25,98.41593301013559
1735,1735,2021-01-26,98.41593301013559
1736,1736,2021-01-27,98.41593301013559
1737,1737,2021-01-28,98.41593301013559
1738,1738,2021-01-29,98.41593301013559
1739,1739,2021-02-01,98.41593301013559
1740,1740,2021-02-02,98.41593301013559
1741,1741,2021-02-03,98.41593301013559
1742,1742,2021-02-04,98.41593301013559
1743,1743,2021-02-05,98.41593301013559
1744,1744,2021-02-08,98.41593301013559
1745,1745,2021-02-09,98.41593301013559
1746,1746,2021-02-10,98.41593301013559
1747,1747,2021-02-11,98.41593301013559
1748,1748,2021-02-12,98.41593301013559
1749,1749,2021-02-15,98.41593301013559
1750,1750,2021-02-16,98.41593301013559
1751,1751,2021-02-17,98.41593301013559
1752,1752,2021-02-18,98.41593301013559
1753,1753,2021-02-19,98.41593301013559
1754,1754,2021-02-22,98.41593301013559
1755,1755,2021-02-23,98.41593301013559
1756,1756,2021-02-24,98.41593301013559
1757,1757,2021-02-25,98.41593301013559
1758,1758,2021-02-26,98.41593301013559
1759,1759,2021-03-01,98.5543789725936
1760,1760,2021-03-02,98.71031507924721
1761,1761,2021-03-03,98.71031507924721
1762,1762,2021-03-04,100.630273670724
1763,1763,2021-03-05,100.630273670724
1764,1764,2021-03-08,100.630273670724
1765,1765,2021-03-09,100.630273670724
1766,1766,2021-03-10,100.630273670724
1767,1767,2021-03-11,100.630273670724
1768,1768,2021-03-12,100.630273670724
1769,1769,2021-03-15,100.630273670724
1770,1770,2021-03-16,100.630273670724
1771,1771,2021-03-17,100.630273670724
1772,1772,2021-03-18,100.630273670724
1773,1773,2021-03-19,100.630273670724
1774,1774,2021-03-22,100.630273670724
