,Date,Index Level
0,2014-03-01,100.0
1,2014-03-03,99.71364761090481
2,2014-03-04,99.71364761090481
3,2014-03-05,99.60022773956393
4,2014-03-06,99.60022773956393
5,2014-03-07,99.60022773956393
6,2014-03-10,99.55523667664885
7,2014-03-11,99.55523667664885
8,2014-03-12,99.55523667664885
9,2014-03-13,99.55523667664885
10,2014-03-14,99.55523667664885
11,2014-03-17,99.55523667664885
12,2014-03-18,99.55523667664885
13,2014-03-19,99.55523667664885
14,2014-03-20,99.87386639273446
15,2014-03-21,99.87386639273446
16,2014-03-24,99.87386639273446
17,2014-03-25,99.87386639273446
18,2014-03-26,99.87386639273446
19,2014-03-27,99.87386639273446
20,2014-03-28,99.86688115415177
21,2014-03-31,99.80690492201408
22,2014-04-01,99.80690492201408
23,2014-04-02,99.80690492201408
24,2014-04-03,99.80690492201408
25,2014-04-04,99.80690492201408
26,2014-04-07,99.80690492201408
27,2014-04-08,99.80690492201408
28,2014-04-09,99.80690492201408
29,2014-04-10,99.80690492201408
30,2014-04-11,99.80690492201408
31,2014-04-14,99.80690492201408
32,2014-04-15,99.80690492201408
33,2014-04-16,99.80690492201408
34,2014-04-17,99.80690492201408
35,2014-04-18,99.80690492201408
36,2014-04-21,99.78526545151048
37,2014-04-22,99.78526545151048
38,2014-04-23,99.79263906279431
39,2014-04-24,99.85515886262264
40,2014-04-25,99.8844700614835
41,2014-04-28,99.8844700614835
42,2014-04-29,98.95909688796681
43,2014-04-30,98.95909688796681
44,2014-05-01,98.97210600594588
45,2014-05-02,99.01974593478397
46,2014-05-05,99.01974593478397
47,2014-05-06,98.82183859082849
48,2014-05-07,98.8128937111164
49,2014-05-08,98.8128937111164
50,2014-05-09,98.82875682144513
51,2014-05-12,98.82875682144513
52,2014-05-13,98.82875682144513
53,2014-05-14,98.75676291572391
54,2014-05-15,98.75676291572391
55,2014-05-16,98.80325823910121
56,2014-05-19,98.80325823910121
57,2014-05-20,98.80325823910121
58,2014-05-21,99.14103308834218
59,2014-05-22,99.14103308834218
60,2014-05-23,99.14103308834218
61,2014-05-27,99.14103308834218
62,2014-05-28,99.14103308834218
63,2014-05-29,99.14103308834218
64,2014-05-30,99.12626261811282
65,2014-06-02,99.12626261811282
66,2014-06-03,98.8821867855532
67,2014-06-04,98.8821867855532
68,2014-06-05,98.8821867855532
69,2014-06-06,98.85557641797676
70,2014-06-09,98.80852588573796
71,2014-06-10,98.80852588573796
72,2014-06-11,98.80852588573796
73,2014-06-12,98.80852588573796
74,2014-06-13,98.80852588573796
75,2014-06-16,98.80852588573796
76,2014-06-17,98.80852588573796
77,2014-06-18,98.80852588573796
78,2014-06-19,98.80852588573796
79,2014-06-20,98.80852588573796
80,2014-06-23,98.80852588573796
81,2014-06-24,98.80852588573796
82,2014-06-25,98.84127637101922
83,2014-06-26,98.7168330055094
84,2014-06-27,98.7168330055094
85,2014-06-30,98.7168330055094
86,2014-07-01,98.7168330055094
87,2014-07-02,98.7168330055094
88,2014-07-03,98.7168330055094
89,2014-07-07,98.7168330055094
90,2014-07-08,98.7168330055094
91,2014-07-09,98.7168330055094
92,2014-07-10,98.7168330055094
93,2014-07-11,98.7168330055094
94,2014-07-14,98.7168330055094
95,2014-07-15,98.7168330055094
96,2014-07-16,98.7168330055094
97,2014-07-17,98.7168330055094
98,2014-07-18,98.7168330055094
99,2014-07-21,98.70364337627487
100,2014-07-22,98.70364337627487
101,2014-07-23,98.71495678246016
102,2014-07-24,98.71495678246016
103,2014-07-25,98.7516101398861
104,2014-07-28,98.7516101398861
105,2014-07-29,100.07564515611584
106,2014-07-30,100.07564515611584
107,2014-07-31,99.84211829192482
108,2014-08-01,99.84211829192482
109,2014-08-04,99.84211829192482
110,2014-08-05,99.99254844067403
111,2014-08-06,100.10470336571714
112,2014-08-07,100.16592950154798
113,2014-08-08,100.29994543363549
114,2014-08-11,100.29994543363549
115,2014-08-12,100.29994543363549
116,2014-08-13,100.29994543363549
117,2014-08-14,100.29994543363549
118,2014-08-15,100.29994543363549
119,2014-08-18,100.29994543363549
120,2014-08-19,100.29994543363549
121,2014-08-20,100.29994543363549
122,2014-08-21,100.29994543363549
123,2014-08-22,100.29994543363549
124,2014-08-25,100.29994543363549
125,2014-08-26,100.30872894722526
126,2014-08-27,100.3181716003994
127,2014-08-28,100.3181716003994
128,2014-08-29,100.3181716003994
129,2014-09-02,100.23176414443121
130,2014-09-03,100.23176414443121
131,2014-09-04,100.23176414443121
132,2014-09-05,100.23176414443121
133,2014-09-08,100.23176414443121
134,2014-09-09,100.16741871940556
135,2014-09-10,100.16741871940556
136,2014-09-11,100.16741871940556
137,2014-09-12,100.17152124793886
138,2014-09-15,100.17152124793886
139,2014-09-16,100.17152124793886
140,2014-09-17,100.17152124793886
141,2014-09-18,100.14613343386534
142,2014-09-19,100.14613343386534
143,2014-09-22,100.14613343386534
144,2014-09-23,100.26920928986407
145,2014-09-24,100.26920928986407
146,2014-09-25,100.2197355307716
147,2014-09-26,100.2197355307716
148,2014-09-29,100.2197355307716
149,2014-09-30,100.2197355307716
150,2014-10-01,100.2197355307716
151,2014-10-02,100.2197355307716
152,2014-10-03,100.2197355307716
153,2014-10-06,100.2197355307716
154,2014-10-07,100.2197355307716
155,2014-10-08,100.2197355307716
156,2014-10-09,100.2197355307716
157,2014-10-10,100.2197355307716
158,2014-10-14,100.2197355307716
159,2014-10-15,100.2197355307716
160,2014-10-16,100.2197355307716
161,2014-10-17,100.2197355307716
162,2014-10-20,100.22810332147
163,2014-10-21,100.22810332147
164,2014-10-22,100.24025774600463
165,2014-10-23,99.63989782297135
166,2014-10-24,99.66576563288326
167,2014-10-27,99.66576563288326
168,2014-10-28,98.87760836371005
169,2014-10-29,98.87760836371005
170,2014-10-30,98.97773741011258
171,2014-10-31,98.97773741011258
172,2014-11-03,98.97773741011258
173,2014-11-04,99.06694005552143
174,2014-11-05,99.10444400386326
175,2014-11-06,99.07787602908168
176,2014-11-07,99.22283203725796
177,2014-11-10,99.22283203725796
178,2014-11-12,99.22283203725796
179,2014-11-13,99.22283203725796
180,2014-11-14,99.22283203725796
181,2014-11-17,99.22283203725796
182,2014-11-18,99.22283203725796
183,2014-11-19,99.22283203725796
184,2014-11-20,99.22283203725796
185,2014-11-21,99.17223418534736
186,2014-11-24,99.17223418534736
187,2014-11-25,99.14932566601748
188,2014-11-26,99.25310459530512
189,2014-11-28,99.25310459530512
190,2014-12-01,99.25310459530512
191,2014-12-02,99.25310459530512
192,2014-12-03,99.25310459530512
193,2014-12-04,99.25310459530512
194,2014-12-05,99.16480860870212
195,2014-12-08,99.16480860870212
196,2014-12-09,99.16480860870212
197,2014-12-10,99.12182915227784
198,2014-12-11,99.12182915227784
199,2014-12-12,99.12182915227784
200,2014-12-15,99.12182915227784
201,2014-12-16,99.12182915227784
202,2014-12-17,99.12182915227784
203,2014-12-18,99.12182915227784
204,2014-12-19,99.30370791725375
205,2014-12-22,99.30370791725375
206,2014-12-23,99.30370791725375
207,2014-12-24,99.30370791725375
208,2014-12-26,99.30370791725375
209,2014-12-29,99.30370791725375
210,2014-12-30,99.30370791725375
211,2014-12-31,99.30370791725375
212,2015-01-02,99.30370791725375
213,2015-01-05,99.30370791725375
214,2015-01-06,99.30370791725375
215,2015-01-07,99.30370791725375
216,2015-01-08,99.30370791725375
217,2015-01-09,99.30370791725375
218,2015-01-12,99.30370791725375
219,2015-01-13,99.30370791725375
220,2015-01-14,99.30370791725375
221,2015-01-15,99.30370791725375
222,2015-01-16,99.30370791725375
223,2015-01-20,99.33334048084971
224,2015-01-21,99.33334048084971
225,2015-01-22,99.33334048084971
226,2015-01-23,99.33334048084971
227,2015-01-26,99.06941114520798
228,2015-01-27,99.11951669369458
229,2015-01-28,99.11951669369458
230,2015-01-29,99.11951669369458
231,2015-01-30,99.11951669369458
232,2015-02-02,99.11951669369458
233,2015-02-03,99.11951669369458
234,2015-02-04,99.74036601173263
235,2015-02-05,99.7540411068436
236,2015-02-06,99.01465196185512
237,2015-02-09,98.90798621998955
238,2015-02-10,98.90798621998955
239,2015-02-11,99.07420016351585
240,2015-02-12,99.07420016351585
241,2015-02-13,99.07420016351585
242,2015-02-17,99.07420016351585
243,2015-02-18,99.0812305299124
244,2015-02-19,98.95070721711623
245,2015-02-20,99.03637758545793
246,2015-02-23,99.03637758545793
247,2015-02-24,98.02989058529052
248,2015-02-25,98.02989058529052
249,2015-02-26,98.25173344821872
250,2015-02-27,98.3636627341925
251,2015-03-02,98.35719851673355
252,2015-03-03,98.35533870379845
253,2015-03-04,98.35533870379845
254,2015-03-05,98.35533870379845
255,2015-03-06,98.44960113439836
256,2015-03-09,98.44960113439836
257,2015-03-10,98.44960113439836
258,2015-03-11,98.44960113439836
259,2015-03-12,98.44960113439836
260,2015-03-13,98.44960113439836
261,2015-03-16,98.44960113439836
262,2015-03-17,98.44960113439836
263,2015-03-18,98.39804602583001
264,2015-03-19,98.14642427578816
265,2015-03-20,98.14642427578816
266,2015-03-23,98.14642427578816
267,2015-03-24,98.14642427578816
268,2015-03-25,98.27205874208215
269,2015-03-26,98.27205874208215
270,2015-03-27,98.27205874208215
271,2015-03-30,98.27205874208215
272,2015-03-31,98.2383974954665
273,2015-04-01,98.2383974954665
274,2015-04-02,98.2383974954665
275,2015-04-03,98.2383974954665
276,2015-04-06,98.2383974954665
277,2015-04-07,98.2383974954665
278,2015-04-08,98.2383974954665
279,2015-04-09,98.2383974954665
280,2015-04-10,98.2383974954665
281,2015-04-13,98.2383974954665
282,2015-04-14,98.2383974954665
283,2015-04-15,98.2383974954665
284,2015-04-16,98.2383974954665
285,2015-04-17,98.2383974954665
286,2015-04-20,98.2383974954665
287,2015-04-21,98.2383974954665
288,2015-04-22,98.24840219504969
289,2015-04-23,97.72874858083281
290,2015-04-24,97.78365272019386
291,2015-04-27,97.79318836401472
292,2015-04-28,97.54731562395753
293,2015-04-29,97.54731562395753
294,2015-04-30,97.5190792875724
295,2015-05-01,97.51009201506547
296,2015-05-04,97.51009201506547
297,2015-05-05,97.51009201506547
298,2015-05-06,97.70084865178741
299,2015-05-07,97.67616373760261
300,2015-05-08,97.54523017195311
301,2015-05-11,97.54523017195311
302,2015-05-12,97.54523017195311
303,2015-05-13,97.54523017195311
304,2015-05-14,97.54523017195311
305,2015-05-15,97.54523017195311
306,2015-05-18,97.54523017195311
307,2015-05-19,97.54523017195311
308,2015-05-20,97.54523017195311
309,2015-05-21,97.62181070457454
310,2015-05-22,96.37609159053582
311,2015-05-26,96.37609159053582
312,2015-05-27,96.37609159053582
313,2015-05-28,96.49685362044177
314,2015-05-29,96.49685362044177
315,2015-06-01,96.49685362044177
316,2015-06-02,96.49685362044177
317,2015-06-03,96.49685362044177
318,2015-06-04,96.49685362044177
319,2015-06-05,96.49504714037761
320,2015-06-08,96.49504714037761
321,2015-06-09,96.46649901182396
322,2015-06-10,96.46649901182396
323,2015-06-11,96.46649901182396
324,2015-06-12,96.46649901182396
325,2015-06-15,96.46649901182396
326,2015-06-16,96.46649901182396
327,2015-06-17,96.46649901182396
328,2015-06-18,96.46649901182396
329,2015-06-19,96.46649901182396
330,2015-06-22,96.46649901182396
331,2015-06-23,96.46649901182396
332,2015-06-24,96.54630549938206
333,2015-06-25,95.27053262881796
334,2015-06-26,95.27053262881796
335,2015-06-29,95.27053262881796
336,2015-06-30,95.27053262881796
337,2015-07-01,95.27053262881796
338,2015-07-02,95.27053262881796
339,2015-07-06,95.27053262881796
340,2015-07-07,95.27053262881796
341,2015-07-08,95.27053262881796
342,2015-07-09,95.27053262881796
343,2015-07-10,95.27053262881796
344,2015-07-13,95.27053262881796
345,2015-07-14,95.27053262881796
346,2015-07-15,95.27053262881796
347,2015-07-16,95.27053262881796
348,2015-07-17,95.27053262881796
349,2015-07-20,95.27053262881796
350,2015-07-21,95.27053262881796
351,2015-07-22,95.27870213063726
352,2015-07-23,95.27870213063726
353,2015-07-24,95.27870213063726
354,2015-07-27,95.3346428422077
355,2015-07-28,93.6275205490868
356,2015-07-29,93.61079180523754
357,2015-07-30,93.56014198796554
358,2015-07-31,81.90209605567317
359,2015-08-03,81.90209605567317
360,2015-08-04,81.92098136202142
361,2015-08-05,81.8978239559605
362,2015-08-06,81.86205537718826
363,2015-08-07,82.02127450956527
364,2015-08-10,81.9810314396727
365,2015-08-11,82.18615786633727
366,2015-08-12,82.02068921549453
367,2015-08-13,82.02068921549453
368,2015-08-14,82.02068921549453
369,2015-08-17,82.02068921549453
370,2015-08-18,82.02068921549453
371,2015-08-19,82.02068921549453
372,2015-08-20,82.02068921549453
373,2015-08-21,82.02068921549453
374,2015-08-24,82.02068921549453
375,2015-08-25,82.09352003703654
376,2015-08-26,82.09352003703654
377,2015-08-27,82.09352003703654
378,2015-08-28,82.09352003703654
379,2015-08-31,82.0311616033305
380,2015-09-01,82.1692800639513
381,2015-09-02,82.1692800639513
382,2015-09-03,82.1692800639513
383,2015-09-04,82.16125141561166
384,2015-09-08,82.16125141561166
385,2015-09-09,82.15412532354932
386,2015-09-10,82.15412532354932
387,2015-09-11,82.16299772525733
388,2015-09-14,82.16299772525733
389,2015-09-15,82.16299772525733
390,2015-09-16,82.16299772525733
391,2015-09-17,82.15057390134902
392,2015-09-18,81.72801346242004
393,2015-09-21,81.72801346242004
394,2015-09-22,81.72801346242004
395,2015-09-23,81.96301039933547
396,2015-09-24,81.96301039933547
397,2015-09-25,81.96301039933547
398,2015-09-28,81.96301039933547
399,2015-09-29,81.96301039933547
400,2015-09-30,81.96301039933547
401,2015-10-01,81.96301039933547
402,2015-10-02,81.96301039933547
403,2015-10-05,81.96301039933547
404,2015-10-06,81.96301039933547
405,2015-10-07,81.96301039933547
406,2015-10-08,81.96301039933547
407,2015-10-09,81.96301039933547
408,2015-10-13,81.96301039933547
409,2015-10-14,81.96301039933547
410,2015-10-15,81.96301039933547
411,2015-10-16,81.96301039933547
412,2015-10-19,81.96301039933547
413,2015-10-20,81.96301039933547
414,2015-10-21,81.96949786445612
415,2015-10-22,81.89975487939017
416,2015-10-23,81.89975487939017
417,2015-10-26,81.89975487939017
418,2015-10-27,80.9141114591909
419,2015-10-28,80.87779997914274
420,2015-10-29,80.8451014592229
421,2015-10-30,80.87937945262806
422,2015-11-02,80.87937945262806
423,2015-11-03,80.88582452495386
424,2015-11-04,80.9389659445551
425,2015-11-05,80.96067515804376
426,2015-11-06,81.18885095751786
427,2015-11-09,81.11131043321963
428,2015-11-10,80.91575657313275
429,2015-11-12,80.91575657313275
430,2015-11-13,80.91575657313275
431,2015-11-16,80.91575657313275
432,2015-11-17,80.91575657313275
433,2015-11-18,80.91575657313275
434,2015-11-19,80.91575657313275
435,2015-11-20,81.11469638676911
436,2015-11-23,81.11469638676911
437,2015-11-24,81.10512382019144
438,2015-11-25,81.10512382019144
439,2015-11-27,81.10512382019144
440,2015-11-30,81.10512382019144
441,2015-12-01,81.10512382019144
442,2015-12-02,81.10512382019144
443,2015-12-03,81.10512382019144
444,2015-12-04,81.07954045225782
445,2015-12-07,81.07954045225782
446,2015-12-08,81.07954045225782
447,2015-12-09,81.03933567263157
448,2015-12-10,81.00638689847119
449,2015-12-11,81.00638689847119
450,2015-12-14,81.00638689847119
451,2015-12-15,81.00638689847119
452,2015-12-16,81.00638689847119
453,2015-12-17,81.00638689847119
454,2015-12-18,80.20229130594615
455,2015-12-21,80.20229130594615
456,2015-12-22,80.20229130594615
457,2015-12-23,80.20229130594615
458,2015-12-24,80.20229130594615
459,2015-12-28,80.20229130594615
460,2015-12-29,80.20229130594615
461,2015-12-30,80.20229130594615
462,2015-12-31,80.20229130594615
463,2016-01-04,80.20229130594615
464,2016-01-05,80.20229130594615
465,2016-01-06,80.20229130594615
466,2016-01-07,80.20229130594615
467,2016-01-08,80.20229130594615
468,2016-01-11,80.20229130594615
469,2016-01-12,80.20229130594615
470,2016-01-13,80.20229130594615
471,2016-01-14,80.20229130594615
472,2016-01-15,80.20229130594615
473,2016-01-19,80.42920079161297
474,2016-01-20,80.42920079161297
475,2016-01-21,80.42920079161297
476,2016-01-22,80.42920079161297
477,2016-01-25,80.42920079161297
478,2016-01-26,80.42920079161297
479,2016-01-27,80.42920079161297
480,2016-01-28,78.03605914719317
481,2016-01-29,78.03605914719317
482,2016-02-01,78.03605914719317
483,2016-02-02,78.03605914719317
484,2016-02-03,78.03605914719317
485,2016-02-04,78.41676148749698
486,2016-02-05,78.42376860623185
487,2016-02-08,78.15983927059013
488,2016-02-09,78.15911585805875
489,2016-02-10,78.15911585805875
490,2016-02-11,78.15911585805875
491,2016-02-12,78.15911585805875
492,2016-02-16,78.15911585805875
493,2016-02-17,78.1889822657811
494,2016-02-18,78.19178839529788
495,2016-02-19,78.19178839529788
496,2016-02-22,78.19178839529788
497,2016-02-23,77.33572744135114
498,2016-02-24,77.35461001268037
499,2016-02-25,77.54567980908035
500,2016-02-26,77.42725622043838
501,2016-02-29,77.1615586949988
502,2016-03-01,77.1615586949988
503,2016-03-02,77.1615586949988
504,2016-03-03,77.1615586949988
505,2016-03-04,77.1615586949988
506,2016-03-07,77.23728590168531
507,2016-03-08,77.23728590168531
508,2016-03-09,77.23728590168531
509,2016-03-10,77.23728590168531
510,2016-03-11,77.23728590168531
511,2016-03-14,77.23728590168531
512,2016-03-15,77.23728590168531
513,2016-03-16,77.23728590168531
514,2016-03-17,77.23728590168531
515,2016-03-18,76.75045251573476
516,2016-03-21,76.75045251573476
517,2016-03-22,76.71892184893741
518,2016-03-23,76.68651187352441
519,2016-03-24,76.68651187352441
520,2016-03-25,76.68651187352441
521,2016-03-28,76.68651187352441
522,2016-03-29,76.68651187352441
523,2016-03-30,76.84076831388566
524,2016-03-31,76.84076831388566
525,2016-04-01,76.84076831388566
526,2016-04-04,76.84076831388566
527,2016-04-05,76.84076831388566
528,2016-04-06,76.84076831388566
529,2016-04-07,76.84076831388566
530,2016-04-08,76.84076831388566
531,2016-04-11,76.84076831388566
532,2016-04-12,76.84076831388566
533,2016-04-13,76.84076831388566
534,2016-04-14,76.84076831388566
535,2016-04-15,76.84076831388566
536,2016-04-18,76.84076831388566
537,2016-04-19,76.84076831388566
538,2016-04-20,76.84076831388566
539,2016-04-21,75.04796334483747
540,2016-04-22,75.04796334483747
541,2016-04-25,75.05993042056907
542,2016-04-26,72.96490584956844
543,2016-04-27,73.01526848984311
544,2016-04-28,73.11437327162182
545,2016-04-29,73.14773913618308
546,2016-05-02,73.14773913618308
547,2016-05-03,73.17328011132184
548,2016-05-04,73.13088731647784
549,2016-05-05,73.15353874401964
550,2016-05-06,72.94027563576407
551,2016-05-09,72.84310177741503
552,2016-05-10,72.84310177741503
553,2016-05-11,72.84310177741503
554,2016-05-12,72.84310177741503
555,2016-05-13,72.84310177741503
556,2016-05-16,72.84310177741503
557,2016-05-17,72.84310177741503
558,2016-05-18,72.84310177741503
559,2016-05-19,73.23547854641507
560,2016-05-20,72.19548482820676
561,2016-05-23,72.19548482820676
562,2016-05-24,72.494969411137
563,2016-05-25,72.494969411137
564,2016-05-26,72.494969411137
565,2016-05-27,72.65100224635319
566,2016-05-31,72.65100224635319
567,2016-06-01,72.62331701630102
568,2016-06-02,72.62331701630102
569,2016-06-03,72.62331701630102
570,2016-06-06,72.3819515875924
571,2016-06-07,72.3819515875924
572,2016-06-08,72.3819515875924
573,2016-06-09,72.34480455923295
574,2016-06-10,72.34480455923295
575,2016-06-13,72.34480455923295
576,2016-06-14,72.34480455923295
577,2016-06-15,72.34480455923295
578,2016-06-16,72.34480455923295
579,2016-06-17,72.34480455923295
580,2016-06-20,72.34480455923295
581,2016-06-21,72.34480455923295
582,2016-06-22,72.3256594260776
583,2016-06-23,72.3256594260776
584,2016-06-24,72.3256594260776
585,2016-06-27,72.3256594260776
586,2016-06-28,72.3256594260776
587,2016-06-29,72.53163644365806
588,2016-06-30,72.53163644365806
589,2016-07-01,72.53163644365806
590,2016-07-05,72.53163644365806
591,2016-07-06,72.53163644365806
592,2016-07-07,72.53163644365806
593,2016-07-08,72.53163644365806
594,2016-07-11,72.53163644365806
595,2016-07-12,72.53163644365806
596,2016-07-13,72.53163644365806
597,2016-07-14,72.53163644365806
598,2016-07-15,72.53163644365806
599,2016-07-18,72.53163644365806
600,2016-07-19,72.53163644365806
601,2016-07-20,72.53163644365806
602,2016-07-21,72.53163644365806
603,2016-07-22,72.53163644365806
604,2016-07-25,72.51864783832166
605,2016-07-26,71.4451528721105
606,2016-07-27,71.46015308393771
607,2016-07-28,78.54736274833529
608,2016-07-29,78.5845316568469
609,2016-08-01,78.5845316568469
610,2016-08-02,78.64064877714429
611,2016-08-03,78.74257336353487
612,2016-08-04,78.61629753528018
613,2016-08-05,78.7466047815736
614,2016-08-08,78.7466047815736
615,2016-08-09,78.82086054802616
616,2016-08-10,78.82086054802616
617,2016-08-11,78.82086054802616
618,2016-08-12,78.82086054802616
619,2016-08-15,78.82086054802616
620,2016-08-16,78.82086054802616
621,2016-08-17,78.82086054802616
622,2016-08-18,78.82086054802616
623,2016-08-19,78.82086054802616
624,2016-08-22,78.82086054802616
625,2016-08-23,78.82086054802616
626,2016-08-24,78.82086054802616
627,2016-08-25,78.82086054802616
628,2016-08-26,78.82086054802616
629,2016-08-29,78.83130558567191
630,2016-08-30,78.746656746935
631,2016-08-31,78.746656746935
632,2016-09-01,78.86525674430392
633,2016-09-02,78.83892261364872
634,2016-09-06,78.83892261364872
635,2016-09-07,78.83892261364872
636,2016-09-08,78.79937013605927
637,2016-09-09,78.79937013605927
638,2016-09-12,78.79937013605927
639,2016-09-13,78.79937013605927
640,2016-09-14,78.79937013605927
641,2016-09-15,78.79937013605927
642,2016-09-16,78.79937013605927
643,2016-09-19,78.781592512415
644,2016-09-20,78.781592512415
645,2016-09-21,78.781592512415
646,2016-09-22,78.781592512415
647,2016-09-23,78.781592512415
648,2016-09-26,78.781592512415
649,2016-09-27,78.95021464019034
650,2016-09-28,78.95021464019034
651,2016-09-29,78.95021464019034
652,2016-09-30,78.95021464019034
653,2016-10-03,78.95021464019034
654,2016-10-04,78.95021464019034
655,2016-10-05,78.95021464019034
656,2016-10-06,78.95021464019034
657,2016-10-07,78.95021464019034
658,2016-10-11,78.95021464019034
659,2016-10-12,78.95021464019034
660,2016-10-13,78.95021464019034
661,2016-10-14,78.95021464019034
662,2016-10-17,78.95021464019034
663,2016-10-18,78.95021464019034
664,2016-10-19,78.95021464019034
665,2016-10-20,78.17346923788722
666,2016-10-21,78.17346923788722
667,2016-10-24,78.158345950204
668,2016-10-25,77.89168159554008
669,2016-10-26,77.89914272743263
670,2016-10-27,77.95388003063331
671,2016-10-28,77.97324123029142
672,2016-10-31,77.97324123029142
673,2016-11-01,77.97498343740855
674,2016-11-02,78.09378035614706
675,2016-11-03,78.07773673456288
676,2016-11-04,78.23075147628805
677,2016-11-07,78.31547005801002
678,2016-11-08,78.43609533696487
679,2016-11-09,78.44580465449366
680,2016-11-10,78.44580465449366
681,2016-11-14,78.44580465449366
682,2016-11-15,78.44580465449366
683,2016-11-16,78.44580465449366
684,2016-11-17,78.44580465449366
685,2016-11-18,78.40204435013857
686,2016-11-21,78.34679970090926
687,2016-11-22,78.32232128066062
688,2016-11-23,78.32232128066062
689,2016-11-25,78.32232128066062
690,2016-11-28,78.32232128066062
691,2016-11-29,78.32232128066062
692,2016-11-30,78.32232128066062
693,2016-12-01,78.17859603104432
694,2016-12-02,78.12429222835867
695,2016-12-05,78.12429222835867
696,2016-12-06,78.12429222835867
697,2016-12-07,78.12429222835867
698,2016-12-08,78.12429222835867
699,2016-12-09,78.09884561137618
700,2016-12-12,78.09884561137618
701,2016-12-13,78.09884561137618
702,2016-12-14,78.09884561137618
703,2016-12-15,78.09884561137618
704,2016-12-16,78.09884561137618
705,2016-12-19,78.21098139128613
706,2016-12-20,78.21098139128613
707,2016-12-21,78.21098139128613
708,2016-12-22,78.21098139128613
709,2016-12-23,78.21098139128613
710,2016-12-27,78.21098139128613
711,2016-12-28,78.21098139128613
712,2016-12-29,78.21098139128613
713,2016-12-30,78.21098139128613
714,2017-01-03,78.21098139128613
715,2017-01-04,78.21098139128613
716,2017-01-05,78.21098139128613
717,2017-01-06,78.21098139128613
718,2017-01-09,78.21098139128613
719,2017-01-10,78.21098139128613
720,2017-01-11,78.21098139128613
721,2017-01-12,78.21098139128613
722,2017-01-13,78.21098139128613
723,2017-01-17,78.21098139128613
724,2017-01-18,78.21098139128613
725,2017-01-19,78.21098139128613
726,2017-01-20,78.45965752584107
727,2017-01-23,78.45965752584107
728,2017-01-24,78.45965752584107
729,2017-01-25,78.45965752584107
730,2017-01-26,78.66615146201673
731,2017-01-27,78.66615146201673
732,2017-01-30,78.66615146201673
733,2017-01-31,78.66615146201673
734,2017-02-01,78.66615146201673
735,2017-02-02,78.66220619707721
736,2017-02-03,78.4406696562795
737,2017-02-06,78.4406696562795
738,2017-02-07,78.47759241307912
739,2017-02-08,78.51969529590677
740,2017-02-09,78.52491918223916
741,2017-02-10,78.46498260787729
742,2017-02-13,78.46498260787729
743,2017-02-14,78.46498260787729
744,2017-02-15,78.46498260787729
745,2017-02-16,78.64182620283333
746,2017-02-17,78.64182620283333
747,2017-02-21,78.5954006224411
748,2017-02-22,78.61676659104248
749,2017-02-23,78.82712100656795
750,2017-02-24,78.86792202034104
751,2017-02-27,78.88218104201326
752,2017-02-28,79.09997607678861
753,2017-03-01,79.1395326569066
754,2017-03-02,79.1395326569066
755,2017-03-03,79.1395326569066
756,2017-03-06,79.07949215182188
757,2017-03-07,79.07949215182188
758,2017-03-08,79.07949215182188
759,2017-03-09,79.07949215182188
760,2017-03-10,79.07949215182188
761,2017-03-13,79.07949215182188
762,2017-03-14,79.07949215182188
763,2017-03-15,79.07949215182188
764,2017-03-16,79.07949215182188
765,2017-03-17,78.9851339955562
766,2017-03-20,78.94028788864928
767,2017-03-21,78.72504189160261
768,2017-03-22,78.72504189160261
769,2017-03-23,78.72504189160261
770,2017-03-24,78.72504189160261
771,2017-03-27,78.72504189160261
772,2017-03-28,78.72504189160261
773,2017-03-29,78.95637527053782
774,2017-03-30,78.95637527053782
775,2017-03-31,78.95637527053782
776,2017-04-03,78.95637527053782
777,2017-04-04,78.95637527053782
778,2017-04-05,78.95637527053782
779,2017-04-06,78.95637527053782
780,2017-04-07,78.95637527053782
781,2017-04-10,78.95637527053782
782,2017-04-11,78.95637527053782
783,2017-04-12,78.95637527053782
784,2017-04-13,78.95637527053782
785,2017-04-14,78.95637527053782
786,2017-04-17,78.95637527053782
787,2017-04-18,78.95637527053782
788,2017-04-19,78.95637527053782
789,2017-04-20,78.95637527053782
790,2017-04-21,78.95637527053782
791,2017-04-24,78.95637527053782
792,2017-04-25,79.12125042225274
793,2017-04-26,79.12125042225274
794,2017-04-27,79.5566121177151
795,2017-04-28,79.61299590236715
796,2017-05-01,79.61299590236715
797,2017-05-02,79.60629510576277
798,2017-05-03,79.72267290017615
799,2017-05-04,79.76704858381126
800,2017-05-05,80.24794834599314
801,2017-05-08,80.26548802298248
802,2017-05-09,80.26548802298248
803,2017-05-10,80.26206924920473
804,2017-05-11,80.26206924920473
805,2017-05-12,80.26206924920473
806,2017-05-15,80.26206924920473
807,2017-05-16,80.26206924920473
808,2017-05-17,80.26206924920473
809,2017-05-18,80.26206924920473
810,2017-05-19,79.84361133880904
811,2017-05-22,79.7603737698876
812,2017-05-23,79.97780778215201
813,2017-05-24,80.31685168021929
814,2017-05-25,80.31685168021929
815,2017-05-26,80.31685168021929
816,2017-05-30,80.31685168021929
817,2017-05-31,80.3580137165033
818,2017-06-01,80.36266324884103
819,2017-06-02,80.37815713160175
820,2017-06-05,80.37815713160175
821,2017-06-06,80.37815713160175
822,2017-06-07,80.37815713160175
823,2017-06-08,80.37909524312637
824,2017-06-09,80.37909524312637
825,2017-06-12,80.37909524312637
826,2017-06-13,80.37909524312637
827,2017-06-14,80.37909524312637
828,2017-06-15,80.37909524312637
829,2017-06-16,80.37909524312637
830,2017-06-19,80.37909524312637
831,2017-06-20,80.37909524312637
832,2017-06-21,80.37909524312637
833,2017-06-22,80.37909524312637
834,2017-06-23,80.37909524312637
835,2017-06-26,80.37909524312637
836,2017-06-27,80.52405125130265
837,2017-06-28,80.74263807408494
838,2017-06-29,80.74263807408494
839,2017-06-30,80.74263807408494
840,2017-07-03,80.74263807408494
841,2017-07-05,80.74263807408494
842,2017-07-06,80.74263807408494
843,2017-07-07,80.74263807408494
844,2017-07-10,80.74263807408494
845,2017-07-11,80.74263807408494
846,2017-07-12,80.74263807408494
847,2017-07-13,80.74263807408494
848,2017-07-14,80.74263807408494
849,2017-07-17,80.74263807408494
850,2017-07-18,80.74263807408494
851,2017-07-19,80.74263807408494
852,2017-07-20,80.74263807408494
853,2017-07-21,80.74263807408494
854,2017-07-24,80.76422284420809
855,2017-07-25,79.75226580599629
856,2017-07-26,79.77177743170063
857,2017-07-27,79.771454699456
858,2017-07-28,79.78249870626763
859,2017-07-31,79.78249870626763
860,2017-08-01,79.7876952424098
861,2017-08-02,82.90909723941675
862,2017-08-03,83.3021386180392
863,2017-08-04,83.14129898689151
864,2017-08-07,83.1976130285585
865,2017-08-08,83.46091467733463
866,2017-08-09,83.46091467733463
867,2017-08-10,83.49756393223203
868,2017-08-11,83.49756393223203
869,2017-08-14,83.49756393223203
870,2017-08-15,83.49756393223203
871,2017-08-16,83.49756393223203
872,2017-08-17,83.49756393223203
873,2017-08-18,83.49756393223203
874,2017-08-21,83.49756393223203
875,2017-08-22,83.49756393223203
876,2017-08-23,83.49756393223203
877,2017-08-24,83.49756393223203
878,2017-08-25,83.52068304802664
879,2017-08-28,83.52068304802664
880,2017-08-29,83.52068304802664
881,2017-08-30,83.52068304802664
882,2017-08-31,83.4664695009687
883,2017-09-01,83.52937493847917
884,2017-09-05,83.52937493847917
885,2017-09-06,83.531450817917
886,2017-09-07,83.57001458612994
887,2017-09-08,83.57001458612994
888,2017-09-11,83.57001458612994
889,2017-09-12,83.57001458612994
890,2017-09-13,83.57001458612994
891,2017-09-14,83.57001458612994
892,2017-09-15,83.57001458612994
893,2017-09-18,83.81616629812741
894,2017-09-19,83.81616629812741
895,2017-09-20,83.81616629812741
896,2017-09-21,83.81616629812741
897,2017-09-22,83.81616629812741
898,2017-09-25,83.81616629812741
899,2017-09-26,83.81616629812741
900,2017-09-27,84.05732523289987
901,2017-09-28,84.05732523289987
902,2017-09-29,84.05732523289987
903,2017-10-02,84.05732523289987
904,2017-10-03,84.05732523289987
905,2017-10-04,84.05732523289987
906,2017-10-05,84.05732523289987
907,2017-10-06,84.05732523289987
908,2017-10-10,84.05732523289987
909,2017-10-11,84.05732523289987
910,2017-10-12,84.05732523289987
911,2017-10-13,84.05732523289987
912,2017-10-16,84.05732523289987
913,2017-10-17,84.05732523289987
914,2017-10-18,84.05732523289987
915,2017-10-19,84.05732523289987
916,2017-10-20,84.05732523289987
917,2017-10-23,84.05732523289987
918,2017-10-24,84.05732523289987
919,2017-10-25,84.06621677974101
920,2017-10-26,85.46717557347947
921,2017-10-27,85.47494439501202
922,2017-10-30,85.47494439501202
923,2017-10-31,85.08807595432266
924,2017-11-01,85.07576836872279
925,2017-11-02,85.13792304351166
926,2017-11-03,85.17676441615535
927,2017-11-06,85.26302281358682
928,2017-11-07,85.2739628896756
929,2017-11-08,85.21897122970586
930,2017-11-09,85.2177951715263
931,2017-11-13,85.2177951715263
932,2017-11-14,85.2177951715263
933,2017-11-15,85.2177951715263
934,2017-11-16,85.2177951715263
935,2017-11-17,85.2177951715263
936,2017-11-20,85.2232652095707
937,2017-11-21,85.21601740916188
938,2017-11-22,85.37048034345932
939,2017-11-24,85.37048034345932
940,2017-11-27,85.37048034345932
941,2017-11-28,85.37048034345932
942,2017-11-29,85.37048034345932
943,2017-11-30,85.40586191703993
944,2017-12-01,85.40586191703993
945,2017-12-04,85.40586191703993
946,2017-12-05,85.43307535631075
947,2017-12-06,85.48796445306718
948,2017-12-07,85.48796445306718
949,2017-12-08,85.48796445306718
950,2017-12-11,85.48796445306718
951,2017-12-12,85.48796445306718
952,2017-12-13,85.48796445306718
953,2017-12-14,85.48796445306718
954,2017-12-15,85.48796445306718
955,2017-12-18,85.53172475742227
956,2017-12-19,85.53172475742227
957,2017-12-20,85.53172475742227
958,2017-12-21,85.53172475742227
959,2017-12-22,85.53172475742227
960,2017-12-26,85.53172475742227
961,2017-12-27,85.53172475742227
962,2017-12-28,85.53172475742227
963,2017-12-29,85.53172475742227
964,2018-01-02,85.53172475742227
965,2018-01-03,85.53172475742227
966,2018-01-04,85.53172475742227
967,2018-01-05,85.53172475742227
968,2018-01-08,85.53172475742227
969,2018-01-09,85.53172475742227
970,2018-01-10,85.53172475742227
971,2018-01-11,85.53172475742227
972,2018-01-12,85.53172475742227
973,2018-01-16,85.53172475742227
974,2018-01-17,85.53172475742227
975,2018-01-18,85.53172475742227
976,2018-01-19,85.53172475742227
977,2018-01-22,85.77385599145711
978,2018-01-23,85.77385599145711
979,2018-01-24,85.77385599145711
980,2018-01-25,85.77385599145711
981,2018-01-26,85.77385599145711
982,2018-01-29,85.77385599145711
983,2018-01-30,85.77385599145711
984,2018-01-31,86.91360816099044
985,2018-02-01,86.91360816099044
986,2018-02-02,87.0667692262333
987,2018-02-05,87.0667692262333
988,2018-02-06,87.04352156454466
989,2018-02-07,87.04352156454466
990,2018-02-08,87.1803135409397
991,2018-02-09,87.1803135409397
992,2018-02-12,87.18991756023613
993,2018-02-13,87.18991756023613
994,2018-02-14,87.18991756023613
995,2018-02-15,87.18991756023613
996,2018-02-16,86.97349140248139
997,2018-02-20,87.04564257179636
998,2018-02-21,87.05775186851713
999,2018-02-22,87.1312049068867
1000,2018-02-23,87.21564588417792
1001,2018-02-26,87.24976251146076
1002,2018-02-27,86.48888021948638
1003,2018-02-28,86.52779133511513
1004,2018-03-01,86.52779133511513
1005,2018-03-02,86.52779133511513
1006,2018-03-05,86.52779133511513
1007,2018-03-06,86.52779133511513
1008,2018-03-07,86.52779133511513
1009,2018-03-08,86.52779133511513
1010,2018-03-09,86.6662024427713
1011,2018-03-12,86.6662024427713
1012,2018-03-13,86.6662024427713
1013,2018-03-14,86.70884549185584
1014,2018-03-15,86.70884549185584
1015,2018-03-16,86.70884549185584
1016,2018-03-19,86.70884549185584
1017,2018-03-20,86.70884549185584
1018,2018-03-21,87.3255922813606
1019,2018-03-22,87.30535314059637
1020,2018-03-23,87.30535314059637
1021,2018-03-26,87.30535314059637
1022,2018-03-27,87.30535314059637
1023,2018-03-28,87.62498660866311
1024,2018-03-29,87.62498660866311
1025,2018-03-30,87.68952485252983
1026,2018-04-02,87.68952485252983
1027,2018-04-03,87.68952485252983
1028,2018-04-04,87.68952485252983
1029,2018-04-05,87.68952485252983
1030,2018-04-06,87.68952485252983
1031,2018-04-09,87.68952485252983
1032,2018-04-10,87.68952485252983
1033,2018-04-11,87.68952485252983
1034,2018-04-12,87.68952485252983
1035,2018-04-13,87.68952485252983
1036,2018-04-16,87.68952485252983
1037,2018-04-17,87.68952485252983
1038,2018-04-18,87.68952485252983
1039,2018-04-19,87.68952485252983
1040,2018-04-20,87.68952485252983
1041,2018-04-23,87.68952485252983
1042,2018-04-24,87.46115076417662
1043,2018-04-25,87.49125511855391
1044,2018-04-26,89.63687754146514
1045,2018-04-27,89.63687754146514
1046,2018-04-30,89.63687754146514
1047,2018-05-01,89.6461766061406
1048,2018-05-02,89.71181706267326
1049,2018-05-03,89.7975298238098
1050,2018-05-04,89.96334445455885
1051,2018-05-07,89.97679254309098
1052,2018-05-08,90.04367606576922
1053,2018-05-09,90.0943587032695
1054,2018-05-10,90.09317854256143
1055,2018-05-11,90.09317854256143
1056,2018-05-14,90.09317854256143
1057,2018-05-15,90.09317854256143
1058,2018-05-16,90.09317854256143
1059,2018-05-17,90.06079865235768
1060,2018-05-18,90.06079865235768
1061,2018-05-21,90.06079865235768
1062,2018-05-22,90.29464277875526
1063,2018-05-23,90.34387312115476
1064,2018-05-24,90.34387312115476
1065,2018-05-25,90.34387312115476
1066,2018-05-29,90.34387312115476
1067,2018-05-30,90.34387312115476
1068,2018-05-31,90.5995973997299
1069,2018-06-01,90.58446727449912
1070,2018-06-04,90.58446727449912
1071,2018-06-05,90.58104850072138
1072,2018-06-06,90.58104850072138
1073,2018-06-07,90.58104850072138
1074,2018-06-08,90.65692339843508
1075,2018-06-11,90.65692339843508
1076,2018-06-12,90.65692339843508
1077,2018-06-13,90.65692339843508
1078,2018-06-14,90.65692339843508
1079,2018-06-15,90.65692339843508
1080,2018-06-18,90.65692339843508
1081,2018-06-19,90.65692339843508
1082,2018-06-20,90.65692339843508
1083,2018-06-21,90.65692339843508
1084,2018-06-22,91.07538130883077
1085,2018-06-25,91.07538130883077
1086,2018-06-26,91.07538130883077
1087,2018-06-27,91.34122789280705
1088,2018-06-28,91.34122789280705
1089,2018-06-29,91.34122789280705
1090,2018-07-02,91.34122789280705
1091,2018-07-03,91.34122789280705
1092,2018-07-05,91.34122789280705
1093,2018-07-06,91.34122789280705
1094,2018-07-09,91.34122789280705
1095,2018-07-10,91.34122789280705
1096,2018-07-11,91.34122789280705
1097,2018-07-12,91.34122789280705
1098,2018-07-13,91.34122789280705
1099,2018-07-16,91.34122789280705
1100,2018-07-17,91.34122789280705
1101,2018-07-18,91.34122789280705
1102,2018-07-19,91.34122789280705
1103,2018-07-20,91.34122789280705
1104,2018-07-23,91.35540349639909
1105,2018-07-24,91.35540349639909
1106,2018-07-25,91.37713459003993
1107,2018-07-26,91.37713459003993
1108,2018-07-27,91.37713459003993
1109,2018-07-30,91.37713459003993
1110,2018-07-31,91.88078834297697
1111,2018-08-01,91.88057501149324
1112,2018-08-02,92.07051798005608
1113,2018-08-03,104.96085818551673
1114,2018-08-06,105.04304550713366
1115,2018-08-07,105.04394669590147
1116,2018-08-08,104.4460783751974
1117,2018-08-09,104.25362876170072
1118,2018-08-10,104.25362876170072
1119,2018-08-13,104.25362876170072
1120,2018-08-14,104.25362876170072
1121,2018-08-15,104.25362876170072
1122,2018-08-16,104.25362876170072
1123,2018-08-17,104.25362876170072
1124,2018-08-20,104.25362876170072
1125,2018-08-21,104.25362876170072
1126,2018-08-22,104.25362876170072
1127,2018-08-23,104.25362876170072
1128,2018-08-24,104.26812436251835
1129,2018-08-27,104.26812436251835
1130,2018-08-28,104.26812436251835
1131,2018-08-29,104.26812436251835
1132,2018-08-30,104.3814909009883
1133,2018-08-31,104.3267905205444
1134,2018-09-04,104.3267905205444
1135,2018-09-05,104.28028288958151
1136,2018-09-06,104.28028288958151
1137,2018-09-07,104.28028288958151
1138,2018-09-10,104.28028288958151
1139,2018-09-11,104.28028288958151
1140,2018-09-12,104.28028288958151
1141,2018-09-13,104.3293764810299
1142,2018-09-14,104.3293764810299
1143,2018-09-17,104.3293764810299
1144,2018-09-18,104.3293764810299
1145,2018-09-19,104.3690342568517
1146,2018-09-20,104.3690342568517
1147,2018-09-21,104.3690342568517
1148,2018-09-24,104.3690342568517
1149,2018-09-25,104.3690342568517
1150,2018-09-26,104.60552041162474
1151,2018-09-27,104.60552041162474
1152,2018-09-28,104.60552041162474
1153,2018-10-01,104.60552041162474
1154,2018-10-02,104.60552041162474
1155,2018-10-03,104.60552041162474
1156,2018-10-04,104.60552041162474
1157,2018-10-05,104.60552041162474
1158,2018-10-09,104.60552041162474
1159,2018-10-10,104.60552041162474
1160,2018-10-11,104.60552041162474
1161,2018-10-12,104.60552041162474
1162,2018-10-15,104.60552041162474
1163,2018-10-16,104.60552041162474
1164,2018-10-17,104.60552041162474
1165,2018-10-18,104.60552041162474
1166,2018-10-19,104.60552041162474
1167,2018-10-22,104.63730817021019
1168,2018-10-23,104.63730817021019
1169,2018-10-24,107.72811897945391
1170,2018-10-25,107.72811897945391
1171,2018-10-26,107.92401471691855
1172,2018-10-29,107.92401471691855
1173,2018-10-30,107.96312548893593
1174,2018-10-31,107.96980440538813
1175,2018-11-01,107.96980440538813
1176,2018-11-02,108.00755313793245
1177,2018-11-05,108.13714654426107
1178,2018-11-06,108.56627102884332
1179,2018-11-07,108.72938482830796
1180,2018-11-08,108.78410708890401
1181,2018-11-09,108.78410708890401
1182,2018-11-13,108.78410708890401
1183,2018-11-14,108.78410708890401
1184,2018-11-15,108.78410708890401
1185,2018-11-16,108.99880608214625
1186,2018-11-19,108.99880608214625
1187,2018-11-20,109.03299381992366
1188,2018-11-21,109.03299381992366
1189,2018-11-23,109.03299381992366
1190,2018-11-26,109.03299381992366
1191,2018-11-27,109.03299381992366
1192,2018-11-28,108.94684072072455
1193,2018-11-29,108.94684072072455
1194,2018-11-30,108.97610542426203
1195,2018-12-03,108.8356676675104
1196,2018-12-04,108.8356676675104
1197,2018-12-05,108.8356676675104
1198,2018-12-06,108.99252100843324
1199,2018-12-07,108.96499987952241
1200,2018-12-10,108.96499987952241
1201,2018-12-11,108.96499987952241
1202,2018-12-12,108.96499987952241
1203,2018-12-13,108.96499987952241
1204,2018-12-14,108.96499987952241
1205,2018-12-17,108.96499987952241
1206,2018-12-18,108.96499987952241
1207,2018-12-19,109.04705045018824
1208,2018-12-20,109.04705045018824
1209,2018-12-21,109.04705045018824
1210,2018-12-24,109.04705045018824
1211,2018-12-26,109.04705045018824
1212,2018-12-27,109.04705045018824
1213,2018-12-28,109.04705045018824
1214,2018-12-31,109.04705045018824
1215,2019-01-02,109.04705045018824
1216,2019-01-03,109.04705045018824
1217,2019-01-04,109.04705045018824
1218,2019-01-07,109.04705045018824
1219,2019-01-08,109.04705045018824
1220,2019-01-09,109.04705045018824
1221,2019-01-10,109.04705045018824
1222,2019-01-11,109.04705045018824
1223,2019-01-14,109.04705045018824
1224,2019-01-15,109.04705045018824
1225,2019-01-16,109.04705045018824
1226,2019-01-17,109.04705045018824
1227,2019-01-18,109.04705045018824
1228,2019-01-22,109.04705045018824
1229,2019-01-23,109.04705045018824
1230,2019-01-24,109.04705045018824
1231,2019-01-25,109.1444253324354
1232,2019-01-28,109.1444253324354
1233,2019-01-29,109.1444253324354
1234,2019-01-30,111.30372285045762
1235,2019-01-31,111.31331182714942
1236,2019-02-01,111.31331182714942
1237,2019-02-04,111.41314002145951
1238,2019-02-05,111.41314002145951
1239,2019-02-06,111.83149673615138
1240,2019-02-07,111.78500688281213
1241,2019-02-08,111.70989779042463
1242,2019-02-11,111.70989779042463
1243,2019-02-12,111.70989779042463
1244,2019-02-13,111.70989779042463
1245,2019-02-14,111.70989779042463
1246,2019-02-15,111.72736362190035
1247,2019-02-19,111.73584218086916
1248,2019-02-20,111.7309300867053
1249,2019-02-21,111.70084487746117
1250,2019-02-22,111.7764148205539
1251,2019-02-25,111.8002860665796
1252,2019-02-26,113.3715544948301
1253,2019-02-27,113.56656682115057
1254,2019-02-28,114.3968584258702
1255,2019-03-01,114.53236084079627
1256,2019-03-04,114.53236084079627
1257,2019-03-05,114.53236084079627
1258,2019-03-06,114.53236084079627
1259,2019-03-07,114.53236084079627
1260,2019-03-08,114.72959947260081
1261,2019-03-11,114.72959947260081
1262,2019-03-12,114.72959947260081
1263,2019-03-13,114.72959947260081
1264,2019-03-14,114.72959947260081
1265,2019-03-15,114.72959947260081
1266,2019-03-18,114.79394353011695
1267,2019-03-19,114.79394353011695
1268,2019-03-20,114.79394353011695
1269,2019-03-21,114.79394353011695
1270,2019-03-22,114.79394353011695
1271,2019-03-25,115.09780414348272
1272,2019-03-26,115.09780414348272
1273,2019-03-27,115.16729550679862
1274,2019-03-28,115.16729550679862
1275,2019-03-29,115.16729550679862
1276,2019-04-01,115.16729550679862
1277,2019-04-02,115.16729550679862
1278,2019-04-03,115.16729550679862
1279,2019-04-04,115.16729550679862
1280,2019-04-05,115.16729550679862
1281,2019-04-08,115.16729550679862
1282,2019-04-09,115.16729550679862
1283,2019-04-10,115.16729550679862
1284,2019-04-11,115.16729550679862
1285,2019-04-12,115.16729550679862
1286,2019-04-15,115.16729550679862
1287,2019-04-16,115.16729550679862
1288,2019-04-17,115.16729550679862
1289,2019-04-18,115.16729550679862
1290,2019-04-19,115.16729550679862
1291,2019-04-22,115.22550081411944
1292,2019-04-23,115.30960811908996
1293,2019-04-24,118.16639976071866
1294,2019-04-25,118.16639976071866
1295,2019-04-26,118.17013169417444
1296,2019-04-29,118.17013169417444
1297,2019-04-30,118.62811062944084
1298,2019-05-01,118.67338613433424
1299,2019-05-02,118.64000249214934
1300,2019-05-03,118.7032894648134
1301,2019-05-06,118.7032894648134
1302,2019-05-07,118.84400619350528
1303,2019-05-08,119.02035064748978
1304,2019-05-09,119.00084175680446
1305,2019-05-10,118.94242311799991
1306,2019-05-13,118.94242311799991
1307,2019-05-14,118.90172193242113
1308,2019-05-15,118.90172193242113
1309,2019-05-16,118.90172193242113
1310,2019-05-17,118.90172193242113
1311,2019-05-20,118.90172193242113
1312,2019-05-21,118.90172193242113
1313,2019-05-22,118.90172193242113
1314,2019-05-23,119.15197617295189
1315,2019-05-24,118.52839183589164
1316,2019-05-28,118.52839183589164
1317,2019-05-29,118.52839183589164
1318,2019-05-30,118.49349025814942
1319,2019-05-31,118.49349025814942
1320,2019-06-03,118.49349025814942
1321,2019-06-04,118.6030277699883
1322,2019-06-05,118.62901045069914
1323,2019-06-06,118.59684662699814
1324,2019-06-07,118.59684662699814
1325,2019-06-10,118.59684662699814
1326,2019-06-11,118.59684662699814
1327,2019-06-12,118.59684662699814
1328,2019-06-13,118.59684662699814
1329,2019-06-14,118.59684662699814
1330,2019-06-17,118.59684662699814
1331,2019-06-18,118.59684662699814
1332,2019-06-19,118.59684662699814
1333,2019-06-20,118.59684662699814
1334,2019-06-21,118.16061109295819
1335,2019-06-24,118.16061109295819
1336,2019-06-25,118.16061109295819
1337,2019-06-26,118.23044023112334
1338,2019-06-27,118.23044023112334
1339,2019-06-28,118.23044023112334
1340,2019-07-01,118.23044023112334
1341,2019-07-02,118.23044023112334
1342,2019-07-03,118.23044023112334
1343,2019-07-05,118.23044023112334
1344,2019-07-08,118.23044023112334
1345,2019-07-09,118.23044023112334
1346,2019-07-10,118.23044023112334
1347,2019-07-11,118.23044023112334
1348,2019-07-12,118.23044023112334
1349,2019-07-15,118.23044023112334
1350,2019-07-16,118.23044023112334
1351,2019-07-17,118.23044023112334
1352,2019-07-18,118.23044023112334
1353,2019-07-19,118.23044023112334
1354,2019-07-22,118.28598709995458
1355,2019-07-23,118.28598709995458
1356,2019-07-24,118.32841545004588
1357,2019-07-25,118.22288474107452
1358,2019-07-26,118.22288474107452
1359,2019-07-29,118.22288474107452
1360,2019-07-30,117.05503161859767
1361,2019-07-31,117.05503161859767
1362,2019-08-01,119.89845722226491
1363,2019-08-02,119.91708817184409
1364,2019-08-05,119.91708817184409
1365,2019-08-06,120.06557645708753
1366,2019-08-07,120.44068431598146
1367,2019-08-08,120.30666838389394
1368,2019-08-09,120.51863235811398
1369,2019-08-12,120.51863235811398
1370,2019-08-13,120.51863235811398
1371,2019-08-14,120.51863235811398
1372,2019-08-15,120.51863235811398
1373,2019-08-16,120.51863235811398
1374,2019-08-19,120.51863235811398
1375,2019-08-20,120.51863235811398
1376,2019-08-21,120.51863235811398
1377,2019-08-22,120.51863235811398
1378,2019-08-23,120.44068431598146
1379,2019-08-26,120.38543966675215
1380,2019-08-27,120.38543966675215
1381,2019-08-28,120.38543966675215
1382,2019-08-29,120.38543966675215
1383,2019-08-30,120.49003363170841
1384,2019-09-03,120.49003363170841
1385,2019-09-04,120.62473331855148
1386,2019-09-05,120.64792764736919
1387,2019-09-06,120.64792764736919
1388,2019-09-09,120.64505587739588
1389,2019-09-10,120.64505587739588
1390,2019-09-11,120.64505587739588
1391,2019-09-12,120.64505587739588
1392,2019-09-13,120.78043931899448
1393,2019-09-16,120.78043931899448
1394,2019-09-17,120.78043931899448
1395,2019-09-18,120.78043931899448
1396,2019-09-19,120.78043931899448
1397,2019-09-20,120.78043931899448
1398,2019-09-23,120.78043931899448
1399,2019-09-24,120.78043931899448
1400,2019-09-25,120.78043931899448
1401,2019-09-26,120.96533480995187
1402,2019-09-27,120.96533480995187
1403,2019-09-30,120.96533480995187
1404,2019-10-01,120.96533480995187
1405,2019-10-02,120.96533480995187
1406,2019-10-03,120.96533480995187
1407,2019-10-04,120.96533480995187
1408,2019-10-07,120.96533480995187
1409,2019-10-08,120.96533480995187
1410,2019-10-09,120.96533480995187
1411,2019-10-10,120.96533480995187
1412,2019-10-11,120.96533480995187
1413,2019-10-15,120.96533480995187
1414,2019-10-16,120.96533480995187
1415,2019-10-17,120.96533480995187
1416,2019-10-18,120.96533480995187
1417,2019-10-21,120.9888505035047
1418,2019-10-22,120.9888505035047
1419,2019-10-23,124.75576622009186
1420,2019-10-24,124.75576622009186
1421,2019-10-25,124.65782108637855
1422,2019-10-28,124.65782108637855
1423,2019-10-29,124.65782108637855
1424,2019-10-30,122.37430994444438
1425,2019-10-31,122.50463633587094
1426,2019-11-01,122.44139175600174
1427,2019-11-04,122.44139175600174
1428,2019-11-05,122.16515483476013
1429,2019-11-06,122.14190717307147
1430,2019-11-07,122.19800651574522
1431,2019-11-08,122.37824290179829
1432,2019-11-12,122.37824290179829
1433,2019-11-13,122.37824290179829
1434,2019-11-14,122.37824290179829
1435,2019-11-15,122.37824290179829
1436,2019-11-18,122.37824290179829
1437,2019-11-19,122.37824290179829
1438,2019-11-20,122.37824290179829
1439,2019-11-21,122.40559309202024
1440,2019-11-22,122.40559309202024
1441,2019-11-25,122.40559309202024
1442,2019-11-26,122.37865315465163
1443,2019-11-27,122.37865315465163
1444,2019-11-29,122.37865315465163
1445,2019-12-02,122.37865315465163
1446,2019-12-03,122.37865315465163
1447,2019-12-04,122.44432916643157
1448,2019-12-05,122.57547332854578
1449,2019-12-06,122.57547332854578
1450,2019-12-09,122.57547332854578
1451,2019-12-10,122.57547332854578
1452,2019-12-11,122.57547332854578
1453,2019-12-12,122.57547332854578
1454,2019-12-13,122.68897661796683
1455,2019-12-16,122.68897661796683
1456,2019-12-17,122.68897661796683
1457,2019-12-18,122.68897661796683
1458,2019-12-19,122.68897661796683
1459,2019-12-20,122.68897661796683
1460,2019-12-23,122.68897661796683
1461,2019-12-24,122.68897661796683
1462,2019-12-26,122.68897661796683
1463,2019-12-27,122.68897661796683
1464,2019-12-30,122.68897661796683
1465,2019-12-31,122.68897661796683
1466,2020-01-02,122.68897661796683
1467,2020-01-03,122.68897661796683
1468,2020-01-06,122.68897661796683
1469,2020-01-07,122.68897661796683
1470,2020-01-08,122.68897661796683
1471,2020-01-09,122.68897661796683
1472,2020-01-10,122.68897661796683
1473,2020-01-13,122.68897661796683
1474,2020-01-14,122.68897661796683
1475,2020-01-15,122.68897661796683
1476,2020-01-16,122.68897661796683
1477,2020-01-17,122.68897661796683
1478,2020-01-21,123.03001434490128
1479,2020-01-22,123.03001434490128
1480,2020-01-23,123.03001434490128
1481,2020-01-24,123.03001434490128
1482,2020-01-27,123.03001434490128
1483,2020-01-28,123.03001434490128
1484,2020-01-29,127.99817639871677
1485,2020-01-30,128.0129564415127
1486,2020-01-31,127.94252970169121
1487,2020-02-03,127.94252970169121
1488,2020-02-04,128.10526333351174
1489,2020-02-05,128.10526333351174
1490,2020-02-06,128.10526333351174
1491,2020-02-07,128.28379853773302
1492,2020-02-10,128.3093764356286
1493,2020-02-11,128.3093764356286
1494,2020-02-12,128.3093764356286
1495,2020-02-13,128.3093764356286
1496,2020-02-14,128.28597834789372
1497,2020-02-18,128.31334358072027
1498,2020-02-19,128.32186316497442
1499,2020-02-20,127.88731513767115
1500,2020-02-21,127.88731513767115
1501,2020-02-24,127.93136125151408
1502,2020-02-25,127.05136888112314
1503,2020-02-26,127.09051931091633
1504,2020-02-27,126.77022123322719
1505,2020-02-28,126.88358777169714
1506,2020-03-02,126.88358777169714
1507,2020-03-03,126.84828688117767
1508,2020-03-04,126.84828688117767
1509,2020-03-05,126.61170773575789
1510,2020-03-06,126.61170773575789
1511,2020-03-09,126.61170773575789
1512,2020-03-10,126.61170773575789
1513,2020-03-11,126.61170773575789
1514,2020-03-12,126.61170773575789
1515,2020-03-13,126.7867489531783
1516,2020-03-16,126.7867489531783
1517,2020-03-17,126.7867489531783
1518,2020-03-18,126.7867489531783
1519,2020-03-19,126.91461109246588
1520,2020-03-20,126.91461109246588
1521,2020-03-23,126.91461109246588
1522,2020-03-24,126.91461109246588
1523,2020-03-25,127.24554839415136
1524,2020-03-26,127.20188928550007
1525,2020-03-27,127.20188928550007
1526,2020-03-30,127.20188928550007
1527,2020-03-31,127.20188928550007
1528,2020-04-01,127.20188928550007
1529,2020-04-02,127.15816453639226
1530,2020-04-03,127.15816453639226
1531,2020-04-06,127.15816453639226
1532,2020-04-07,127.15816453639226
1533,2020-04-08,127.15816453639226
1534,2020-04-09,127.15816453639226
1535,2020-04-10,127.15816453639226
1536,2020-04-13,127.15816453639226
1537,2020-04-14,127.15816453639226
1538,2020-04-15,127.15816453639226
1539,2020-04-16,127.15816453639226
1540,2020-04-17,127.15816453639226
1541,2020-04-20,127.17314560308633
1542,2020-04-21,127.17314560308633
1543,2020-04-22,127.17314560308633
1544,2020-04-23,127.17314560308633
1545,2020-04-24,127.17314560308633
1546,2020-04-27,127.17314560308633
1547,2020-04-28,125.03709574675278
1548,2020-04-29,128.6492558820071
1549,2020-04-30,128.6824152526322
1550,2020-05-01,128.6824152526322
1551,2020-05-04,128.6824152526322
1552,2020-05-05,128.9157164777539
1553,2020-05-06,128.83533973872966
1554,2020-05-07,128.61421345078526
1555,2020-05-08,128.62940511394405
1556,2020-05-11,128.62940511394405
1557,2020-05-12,128.62940511394405
1558,2020-05-13,128.62940511394405
1559,2020-05-14,128.62940511394405
1560,2020-05-15,128.62940511394405
1561,2020-05-18,128.62940511394405
1562,2020-05-19,128.62940511394405
1563,2020-05-20,128.90974456371893
1564,2020-05-21,128.40239853510192
1565,2020-05-22,128.43798386759968
1566,2020-05-26,128.43798386759968
1567,2020-05-27,128.43798386759968
1568,2020-05-28,128.40916907469136
1569,2020-05-29,128.40916907469136
1570,2020-06-01,127.73413082476658
1571,2020-06-02,127.87881333104065
1572,2020-06-03,127.87881333104065
1573,2020-06-04,127.87881333104065
1574,2020-06-05,127.87881333104065
1575,2020-06-08,127.87881333104065
1576,2020-06-09,127.87881333104065
1577,2020-06-10,127.87881333104065
1578,2020-06-11,127.87881333104065
1579,2020-06-12,127.87881333104065
1580,2020-06-15,127.87881333104065
1581,2020-06-16,127.87881333104065
1582,2020-06-17,127.87881333104065
1583,2020-06-18,127.87881333104065
1584,2020-06-19,127.87881333104065
1585,2020-06-22,127.94855631610659
1586,2020-06-23,127.94855631610659
1587,2020-06-24,128.3136813555695
1588,2020-06-25,128.3136813555695
1589,2020-06-26,128.3136813555695
1590,2020-06-29,128.3136813555695
1591,2020-06-30,128.3136813555695
1592,2020-07-01,128.3136813555695
1593,2020-07-02,128.3136813555695
1594,2020-07-06,128.3136813555695
1595,2020-07-07,127.97453899681744
1596,2020-07-08,127.97453899681744
1597,2020-07-09,127.97453899681744
1598,2020-07-10,127.97453899681744
1599,2020-07-13,127.97453899681744
1600,2020-07-14,127.97453899681744
1601,2020-07-15,127.97453899681744
1602,2020-07-16,127.97453899681744
1603,2020-07-17,127.97453899681744
1604,2020-07-20,127.99953023313273
1605,2020-07-21,127.99953023313273
1606,2020-07-22,127.99953023313273
1607,2020-07-23,127.99953023313273
1608,2020-07-24,127.99953023313273
1609,2020-07-27,127.99953023313273
1610,2020-07-28,127.59748243687021
1611,2020-07-29,127.64396545266192
1612,2020-07-30,127.78761822427411
1613,2020-07-31,129.1942234647839
1614,2020-08-03,129.1942234647839
1615,2020-08-04,129.3854190720589
1616,2020-08-05,129.36217141037025
1617,2020-08-06,129.31318585217326
1618,2020-08-07,129.27711778881806
1619,2020-08-10,129.27711778881806
1620,2020-08-11,129.3564333404617
